invoice_id,customer_id,amount_due,currency,invoice_date,due_date,status_hint
INV-0000001,CUST-00082,601.09,EUR,2025-05-21,2025-06-12,
INV-0000002,CUST-00029,740.71,EUR,2025-02-22,2025-04-04,
INV-0000003,CUST-00012,2972.94,EUR,2025-01-17,2025-01-25,
INV-0000004,CUST-00012,1132.26,EUR,2025-09-16,2025-10-31,
INV-0000005,CUST-00004,2828.16,EUR,2025-11-29,2026-01-09,
INV-0000006,CUST-00054,1141.18,EUR,2025-10-29,2025-11-22,
INV-0000007,CUST-00001,3806.10,EUR,2025-03-23,2025-04-26,
INV-0000008,CUST-00044,1425.46,EUR,2025-04-21,2025-05-19,
INV-0000009,CUST-00014,509.09,EUR,2025-02-19,2025-03-20,
INV-0000010,CUST-00045,3038.44,EUR,2025-01-23,2025-02-28,
INV-0000011,CUST-00069,667.89,EUR,2025-07-13,2025-07-25,
INV-0000012,CUST-00071,1501.23,EUR,2025-11-18,2025-12-18,
INV-0000013,CUST-00074,1001.83,EUR,2025-02-05,2025-02-14,
INV-0000014,CUST-00085,1178.10,EUR,2025-05-29,2025-06-10,
INV-0000015,CUST-00030,4339.09,EUR,2025-07-14,2025-08-07,
INV-0000016,CUST-00059,3196.64,EUR,2025-07-06,2025-07-23,
INV-0000017,CUST-00048,1808.59,EUR,2025-12-10,2026-01-03,
INV-0000018,CUST-00090,4686.44,EUR,2025-11-28,2025-12-09,
INV-0000019,CUST-00078,3193.14,EUR,2025-10-01,2025-10-23,
INV-0000020,CUST-00021,2338.19,EUR,2025-05-19,2025-06-30,
INV-0000021,CUST-00029,3438.84,EUR,2025-01-29,2025-02-19,
INV-0000022,CUST-00005,4034.98,EUR,2025-07-25,2025-08-18,
INV-0000023,CUST-00009,1094.37,EUR,2025-10-18,2025-11-14,
INV-0000024,CUST-00028,3294.42,EUR,2025-07-22,2025-08-27,
INV-0000025,CUST-00019,1361.16,EUR,2025-05-07,2025-06-18,
INV-0000026,CUST-00069,1350.57,EUR,2025-10-27,2025-11-30,
INV-0000027,CUST-00075,2027.03,EUR,2025-04-23,2025-05-08,
INV-0000028,CUST-00066,2492.90,EUR,2025-01-25,2025-02-08,
INV-0000029,CUST-00020,3155.86,EUR,2025-12-15,2026-01-18,
INV-0000030,CUST-00077,364.46,EUR,2025-07-15,2025-08-29,
INV-0000031,CUST-00060,2669.12,EUR,2025-10-11,2025-10-18,
INV-0000032,CUST-00088,3617.57,EUR,2025-12-16,2026-01-26,
INV-0000033,CUST-00097,1370.78,EUR,2025-11-25,2025-12-23,
INV-0000034,CUST-00015,1502.83,EUR,2025-03-22,2025-04-27,
INV-0000035,CUST-00001,4771.39,EUR,2025-05-15,2025-06-23,
INV-0000036,CUST-00098,934.33,EUR,2025-02-24,2025-03-22,
INV-0000037,CUST-00082,2562.93,EUR,2025-04-12,2025-04-28,
INV-0000038,CUST-00048,3824.43,EUR,2025-10-04,2025-11-13,
INV-0000039,CUST-00001,3014.78,EUR,2025-09-08,2025-09-16,
INV-0000040,CUST-00015,4649.04,EUR,2025-06-07,2025-06-29,
INV-0000041,CUST-00008,1242.31,EUR,2025-10-18,2025-10-30,
INV-0000042,CUST-00011,3672.94,EUR,2025-02-05,2025-03-18,
INV-0000043,CUST-00099,672.51,EUR,2025-12-04,2026-01-10,
INV-0000044,CUST-00071,867.38,EUR,2025-09-28,2025-11-12,
INV-0000045,CUST-00055,4823.60,EUR,2025-10-04,2025-10-23,
INV-0000046,CUST-00092,1593.00,EUR,2025-12-10,2026-01-09,
INV-0000047,CUST-00057,4503.09,EUR,2025-08-20,2025-09-03,
INV-0000048,CUST-00032,1162.25,EUR,2025-06-23,2025-07-01,
INV-0000049,CUST-00076,2791.91,EUR,2025-10-29,2025-11-19,
INV-0000050,CUST-00001,401.42,EUR,2025-11-20,2025-11-30,
INV-0000051,CUST-00030,383.63,EUR,2025-01-17,2025-02-14,
INV-0000052,CUST-00010,2595.07,EUR,2025-05-23,2025-06-30,
INV-0000053,CUST-00028,2719.21,EUR,2025-10-20,2025-12-02,
INV-0000054,CUST-00061,1252.84,EUR,2025-08-31,2025-10-03,
INV-0000055,CUST-00025,516.91,EUR,2025-12-04,2026-01-07,
INV-0000056,CUST-00046,2146.71,EUR,2025-08-28,2025-09-07,
INV-0000057,CUST-00087,3284.60,EUR,2025-11-27,2025-12-10,
INV-0000058,CUST-00008,2042.98,EUR,2025-06-23,2025-07-06,
INV-0000059,CUST-00032,998.37,EUR,2025-10-02,2025-11-06,
INV-0000060,CUST-00018,2138.31,EUR,2025-05-23,2025-06-28,
INV-0000061,CUST-00032,4378.71,EUR,2025-02-08,2025-03-15,
INV-0000062,CUST-00071,534.65,EUR,2025-11-30,2026-01-10,
INV-0000063,CUST-00002,4846.53,EUR,2025-05-02,2025-05-19,
INV-0000064,CUST-00053,2453.92,EUR,2025-04-20,2025-05-22,
INV-0000065,CUST-00008,864.95,EUR,2025-01-02,2025-02-02,
INV-0000066,CUST-00034,4636.26,EUR,2025-08-21,2025-09-15,
INV-0000067,CUST-00055,3498.13,EUR,2025-10-12,2025-11-19,
INV-0000068,CUST-00020,989.99,EUR,2025-04-22,2025-05-02,
INV-0000069,CUST-00075,3691.90,EUR,2025-02-01,2025-02-28,
INV-0000070,CUST-00008,298.20,EUR,2025-09-02,2025-10-11,
INV-0000071,CUST-00068,829.29,EUR,2025-09-18,2025-09-30,
INV-0000072,CUST-00024,389.18,EUR,2025-02-04,2025-02-26,
INV-0000073,CUST-00052,643.44,EUR,2025-10-19,2025-11-10,
INV-0000074,CUST-00075,2992.87,EUR,2025-11-14,2025-11-26,
INV-0000075,CUST-00054,3304.00,EUR,2025-10-17,2025-11-26,
INV-0000076,CUST-00041,4676.80,EUR,2025-04-15,2025-05-12,
INV-0000077,CUST-00031,1364.79,EUR,2025-03-09,2025-04-04,
INV-0000078,CUST-00059,1615.08,EUR,2025-02-07,2025-02-14,
INV-0000079,CUST-00059,3124.74,EUR,2025-10-16,2025-10-29,
INV-0000080,CUST-00010,2711.29,EUR,2025-09-17,2025-10-10,
INV-0000081,CUST-00017,4669.63,EUR,2025-02-05,2025-02-27,
INV-0000082,CUST-00048,1460.69,EUR,2025-08-13,2025-09-23,
INV-0000083,CUST-00091,1547.46,EUR,2025-12-01,2026-01-10,
INV-0000084,CUST-00002,3355.92,EUR,2025-10-11,2025-11-06,
INV-0000085,CUST-00085,562.75,EUR,2025-03-10,2025-04-02,
INV-0000086,CUST-00015,4454.08,EUR,2025-10-11,2025-10-27,
INV-0000087,CUST-00035,1444.69,EUR,2025-04-18,2025-05-16,
INV-0000088,CUST-00027,3453.11,EUR,2025-05-16,2025-06-24,
INV-0000089,CUST-00063,1293.05,EUR,2025-01-27,2025-02-08,
INV-0000090,CUST-00082,2146.70,EUR,2025-05-22,2025-05-31,
INV-0000091,CUST-00001,1701.10,EUR,2025-03-08,2025-03-31,
INV-0000092,CUST-00021,3719.09,EUR,2025-10-10,2025-11-13,
INV-0000093,CUST-00072,97.87,EUR,2025-02-08,2025-02-24,
INV-0000094,CUST-00070,228.34,EUR,2025-07-09,2025-08-22,
INV-0000095,CUST-00071,783.06,EUR,2025-03-07,2025-03-16,
INV-0000096,CUST-00040,1855.03,EUR,2025-01-21,2025-02-19,
INV-0000097,CUST-00027,3426.23,EUR,2025-12-08,2025-12-21,
INV-0000098,CUST-00046,3911.58,EUR,2025-07-28,2025-08-13,
INV-0000099,CUST-00031,4329.80,EUR,2025-04-01,2025-05-04,
INV-0000100,CUST-00004,937.84,EUR,2025-06-20,2025-07-23,
INV-0000101,CUST-00086,4327.12,EUR,2025-05-08,2025-06-01,
INV-0000102,CUST-00021,3947.50,EUR,2025-02-25,2025-03-28,
INV-0000103,CUST-00005,4300.04,EUR,2025-04-24,2025-05-13,
INV-0000104,CUST-00059,1780.81,EUR,2025-04-27,2025-05-18,
INV-0000105,CUST-00004,3317.16,EUR,2025-07-24,2025-08-21,
INV-0000106,CUST-00036,4328.55,EUR,2025-05-23,2025-06-21,
INV-0000107,CUST-00083,2571.56,EUR,2025-12-14,2026-01-24,
INV-0000108,CUST-00043,4699.22,EUR,2025-03-01,2025-03-24,
INV-0000109,CUST-00023,2923.92,EUR,2025-05-16,2025-05-25,
INV-0000110,CUST-00014,3003.03,EUR,2025-06-26,2025-07-23,
INV-0000111,CUST-00056,3050.73,EUR,2025-09-19,2025-10-03,
INV-0000112,CUST-00050,4502.55,EUR,2025-04-08,2025-05-01,
INV-0000113,CUST-00006,3558.49,EUR,2025-01-01,2025-02-10,
INV-0000114,CUST-00069,3449.94,EUR,2025-12-10,2025-12-29,
INV-0000115,CUST-00047,2184.92,EUR,2025-12-07,2026-01-04,
INV-0000116,CUST-00080,1603.88,EUR,2025-03-05,2025-03-31,
INV-0000117,CUST-00065,1580.96,EUR,2025-07-29,2025-08-25,
INV-0000118,CUST-00052,3501.18,EUR,2025-10-11,2025-10-26,
INV-0000119,CUST-00025,2131.21,EUR,2025-07-14,2025-08-01,
INV-0000120,CUST-00079,2867.07,EUR,2025-07-27,2025-09-07,
INV-0000121,CUST-00001,1554.18,EUR,2025-04-18,2025-05-22,
INV-0000122,CUST-00075,3052.97,EUR,2025-06-14,2025-07-20,
INV-0000123,CUST-00057,2238.69,EUR,2025-04-20,2025-05-29,
INV-0000124,CUST-00061,3978.99,EUR,2025-03-28,2025-04-09,
INV-0000125,CUST-00037,2601.49,EUR,2025-11-21,2025-12-19,
INV-0000126,CUST-00012,4101.20,EUR,2025-05-01,2025-05-27,
INV-0000127,CUST-00029,4042.49,EUR,2025-03-17,2025-03-25,
INV-0000128,CUST-00006,1261.97,EUR,2025-09-01,2025-09-12,
INV-0000129,CUST-00059,2101.48,EUR,2025-11-19,2026-01-01,
INV-0000130,CUST-00025,3605.81,EUR,2025-07-16,2025-08-23,
INV-0000131,CUST-00052,1257.72,EUR,2025-12-02,2025-12-09,
INV-0000132,CUST-00097,4309.18,EUR,2025-02-24,2025-03-30,
INV-0000133,CUST-00029,920.64,EUR,2025-12-23,2026-02-01,
INV-0000134,CUST-00060,298.58,EUR,2025-05-08,2025-05-22,
INV-0000135,CUST-00059,710.03,EUR,2025-08-26,2025-10-05,
INV-0000136,CUST-00072,2997.49,EUR,2025-08-15,2025-09-23,
INV-0000137,CUST-00055,4161.32,EUR,2025-10-08,2025-11-12,
INV-0000138,CUST-00021,3731.09,EUR,2025-09-01,2025-10-06,
INV-0000139,CUST-00034,3771.30,EUR,2025-11-23,2025-12-17,
INV-0000140,CUST-00099,3899.49,EUR,2025-09-06,2025-09-28,
INV-0000141,CUST-00036,2227.37,EUR,2026-01-01,2026-01-26,
INV-0000142,CUST-00031,1394.99,EUR,2025-06-13,2025-07-24,
INV-0000143,CUST-00011,734.95,EUR,2025-04-29,2025-05-30,
INV-0000144,CUST-00089,806.39,EUR,2025-04-20,2025-05-01,
INV-0000145,CUST-00054,2067.62,EUR,2025-10-05,2025-11-10,
INV-0000146,CUST-00054,358.22,EUR,2025-08-04,2025-09-04,
INV-0000147,CUST-00099,2941.19,EUR,2025-12-23,2025-12-31,
INV-0000148,CUST-00098,2899.67,EUR,2025-09-02,2025-09-09,
INV-0000149,CUST-00046,1528.13,EUR,2025-07-19,2025-08-21,
INV-0000150,CUST-00069,3750.20,EUR,2025-10-07,2025-11-21,
INV-0000151,CUST-00029,2466.74,EUR,2025-05-20,2025-06-23,
INV-0000152,CUST-00063,193.67,EUR,2025-06-22,2025-07-24,
INV-0000153,CUST-00093,866.97,EUR,2025-08-28,2025-09-12,
INV-0000154,CUST-00080,2693.91,EUR,2025-07-21,2025-09-03,
INV-0000155,CUST-00073,3331.85,EUR,2025-02-12,2025-03-18,
INV-0000156,CUST-00018,4340.91,EUR,2025-04-04,2025-04-14,
INV-0000157,CUST-00034,1926.56,EUR,2025-04-19,2025-05-25,
INV-0000158,CUST-00042,1720.63,EUR,2025-07-14,2025-08-07,
INV-0000159,CUST-00097,4758.46,EUR,2025-08-04,2025-08-27,
INV-0000160,CUST-00011,2378.02,EUR,2025-10-04,2025-10-14,
INV-0000161,CUST-00045,1159.90,EUR,2025-02-05,2025-02-14,
INV-0000162,CUST-00097,203.60,EUR,2025-05-07,2025-05-26,
INV-0000163,CUST-00003,3125.61,EUR,2025-05-03,2025-05-18,
INV-0000164,CUST-00061,3363.82,EUR,2025-10-16,2025-11-05,
INV-0000165,CUST-00060,3512.35,EUR,2025-07-08,2025-07-25,
INV-0000166,CUST-00078,3055.88,EUR,2025-02-28,2025-03-17,
INV-0000167,CUST-00040,585.09,EUR,2025-01-14,2025-02-09,
INV-0000168,CUST-00074,3402.87,EUR,2025-07-12,2025-08-13,
INV-0000169,CUST-00092,1031.73,EUR,2025-10-31,2025-11-22,
INV-0000170,CUST-00014,3501.11,EUR,2025-06-04,2025-07-19,
INV-0000171,CUST-00016,3991.32,EUR,2025-10-17,2025-10-26,
INV-0000172,CUST-00045,2687.09,EUR,2025-12-05,2026-01-04,
INV-0000173,CUST-00009,2554.51,EUR,2025-06-24,2025-07-01,
INV-0000174,CUST-00054,4120.54,EUR,2025-02-24,2025-03-30,
INV-0000175,CUST-00047,3196.15,EUR,2025-08-24,2025-09-09,
INV-0000176,CUST-00056,921.88,EUR,2025-09-25,2025-10-19,
INV-0000177,CUST-00079,4050.59,EUR,2025-10-03,2025-11-09,
INV-0000178,CUST-00060,2206.09,EUR,2025-10-31,2025-11-24,
INV-0000179,CUST-00042,4265.98,EUR,2025-02-14,2025-03-10,
INV-0000180,CUST-00058,1257.12,EUR,2025-08-26,2025-10-08,
INV-0000181,CUST-00079,3357.53,EUR,2025-06-22,2025-06-30,
INV-0000182,CUST-00064,4262.22,EUR,2025-04-04,2025-05-12,
INV-0000183,CUST-00028,1806.38,EUR,2025-05-13,2025-06-10,
INV-0000184,CUST-00036,4407.58,EUR,2025-12-26,2026-01-19,
INV-0000185,CUST-00072,100.25,EUR,2025-04-08,2025-04-20,
INV-0000186,CUST-00031,3614.37,EUR,2025-09-08,2025-10-20,
INV-0000187,CUST-00098,1239.60,EUR,2025-09-01,2025-10-09,
INV-0000188,CUST-00058,3975.02,EUR,2025-02-17,2025-03-14,
INV-0000189,CUST-00029,2051.79,EUR,2025-05-05,2025-05-31,
INV-0000190,CUST-00085,2928.70,EUR,2025-08-31,2025-10-12,
INV-0000191,CUST-00068,1751.60,EUR,2025-10-09,2025-11-06,
INV-0000192,CUST-00046,3529.13,EUR,2025-05-19,2025-06-14,
INV-0000193,CUST-00033,1191.16,EUR,2025-04-09,2025-05-06,
INV-0000194,CUST-00016,3727.26,EUR,2025-12-20,2026-01-07,
INV-0000195,CUST-00025,1121.10,EUR,2025-09-05,2025-09-29,
INV-0000196,CUST-00093,2968.46,EUR,2025-09-26,2025-11-10,
INV-0000197,CUST-00037,4903.53,EUR,2025-04-10,2025-05-05,
INV-0000198,CUST-00030,1836.36,EUR,2025-06-04,2025-06-11,
INV-0000199,CUST-00091,2693.97,EUR,2025-05-21,2025-05-30,
INV-0000200,CUST-00007,2789.13,EUR,2025-12-24,2026-01-08,
INV-0000201,CUST-00082,4348.88,EUR,2025-09-09,2025-09-22,
INV-0000202,CUST-00002,2891.62,EUR,2025-08-29,2025-10-05,
INV-0000203,CUST-00057,1736.49,EUR,2025-01-27,2025-02-19,
INV-0000204,CUST-00062,614.73,EUR,2025-02-03,2025-03-07,
INV-0000205,CUST-00063,416.71,EUR,2025-11-19,2025-11-29,
INV-0000206,CUST-00020,788.53,EUR,2025-10-16,2025-11-11,
INV-0000207,CUST-00011,4969.89,EUR,2025-03-02,2025-04-13,
INV-0000208,CUST-00098,2110.06,EUR,2025-11-02,2025-11-23,
INV-0000209,CUST-00100,2636.73,EUR,2025-08-19,2025-09-23,
INV-0000210,CUST-00039,4307.82,EUR,2025-08-08,2025-09-03,
INV-0000211,CUST-00073,3124.09,EUR,2025-11-09,2025-11-22,
INV-0000212,CUST-00098,1078.55,EUR,2025-04-19,2025-05-12,
INV-0000213,CUST-00085,451.88,EUR,2025-05-03,2025-05-21,
INV-0000214,CUST-00071,421.57,EUR,2025-01-02,2025-02-04,
INV-0000215,CUST-00058,3462.39,EUR,2025-08-29,2025-09-23,
INV-0000216,CUST-00005,1195.81,EUR,2025-12-28,2026-01-22,
INV-0000217,CUST-00090,4305.05,EUR,2025-02-06,2025-02-27,
INV-0000218,CUST-00034,3949.75,EUR,2025-11-17,2025-12-31,
INV-0000219,CUST-00085,4029.33,EUR,2025-04-12,2025-05-16,
INV-0000220,CUST-00015,2745.58,EUR,2025-11-28,2025-12-14,
INV-0000221,CUST-00035,4141.82,EUR,2025-02-06,2025-02-16,
INV-0000222,CUST-00022,3973.51,EUR,2025-11-01,2025-12-14,
INV-0000223,CUST-00037,2223.81,EUR,2025-08-28,2025-09-23,
INV-0000224,CUST-00090,2042.42,EUR,2025-05-20,2025-06-28,
INV-0000225,CUST-00070,2494.29,EUR,2025-02-11,2025-03-28,
INV-0000226,CUST-00006,4452.64,EUR,2025-06-15,2025-07-30,
INV-0000227,CUST-00033,178.03,EUR,2025-04-28,2025-06-10,
INV-0000228,CUST-00076,4756.39,EUR,2025-12-11,2026-01-04,
INV-0000229,CUST-00074,249.15,EUR,2025-03-31,2025-05-07,
INV-0000230,CUST-00067,3274.97,EUR,2025-05-23,2025-06-10,
INV-0000231,CUST-00075,2207.63,EUR,2025-09-09,2025-09-21,
INV-0000232,CUST-00061,1772.41,EUR,2025-06-20,2025-07-17,
INV-0000233,CUST-00086,567.77,EUR,2025-03-24,2025-04-21,
INV-0000234,CUST-00053,3483.68,EUR,2025-05-28,2025-06-29,
INV-0000235,CUST-00098,2772.98,EUR,2025-08-21,2025-09-02,
INV-0000236,CUST-00041,1299.37,EUR,2025-03-01,2025-04-02,
INV-0000237,CUST-00066,4133.39,EUR,2025-01-01,2025-02-11,
INV-0000238,CUST-00060,2095.58,EUR,2025-04-07,2025-05-17,
INV-0000239,CUST-00047,3132.04,EUR,2025-09-13,2025-10-18,
INV-0000240,CUST-00098,305.48,EUR,2025-05-17,2025-06-28,
INV-0000241,CUST-00017,4641.98,EUR,2025-08-13,2025-09-20,
INV-0000242,CUST-00016,192.90,EUR,2025-11-19,2026-01-03,
INV-0000243,CUST-00031,3563.42,EUR,2025-06-09,2025-07-21,
INV-0000244,CUST-00002,2783.64,EUR,2025-02-17,2025-03-10,
INV-0000245,CUST-00015,2334.17,EUR,2025-03-02,2025-03-18,
INV-0000246,CUST-00064,4666.63,EUR,2025-05-30,2025-07-08,
INV-0000247,CUST-00091,1403.45,EUR,2025-09-05,2025-10-12,
INV-0000248,CUST-00032,2311.09,EUR,2025-03-16,2025-04-16,
INV-0000249,CUST-00025,4613.25,EUR,2025-09-18,2025-10-03,
INV-0000250,CUST-00009,1417.42,EUR,2025-08-01,2025-08-29,
INV-0000251,CUST-00065,1372.50,EUR,2025-01-02,2025-01-27,
INV-0000252,CUST-00093,1527.85,EUR,2025-10-28,2025-12-11,
INV-0000253,CUST-00085,2473.72,EUR,2025-03-18,2025-04-22,
INV-0000254,CUST-00069,2447.49,EUR,2025-06-20,2025-08-01,
INV-0000255,CUST-00098,2739.98,EUR,2025-08-22,2025-09-18,
INV-0000256,CUST-00025,4904.83,EUR,2025-05-03,2025-06-15,
INV-0000257,CUST-00050,1206.13,EUR,2025-07-30,2025-08-08,
INV-0000258,CUST-00041,3736.29,EUR,2025-12-28,2026-01-28,
INV-0000259,CUST-00050,4942.65,EUR,2025-11-30,2025-12-16,
INV-0000260,CUST-00064,4825.88,EUR,2025-03-06,2025-04-14,
INV-0000261,CUST-00076,1693.37,EUR,2025-02-21,2025-03-28,
INV-0000262,CUST-00013,2653.46,EUR,2025-08-22,2025-08-29,
INV-0000263,CUST-00093,763.57,EUR,2025-12-02,2025-12-18,
INV-0000264,CUST-00010,2373.98,EUR,2025-05-16,2025-06-13,
INV-0000265,CUST-00080,3478.89,EUR,2025-11-29,2025-12-11,
INV-0000266,CUST-00043,4269.09,EUR,2025-10-01,2025-11-01,
INV-0000267,CUST-00041,3152.66,EUR,2025-09-07,2025-10-18,
INV-0000268,CUST-00005,3106.42,EUR,2025-05-01,2025-05-26,
INV-0000269,CUST-00030,3746.49,EUR,2025-08-11,2025-08-24,
INV-0000270,CUST-00098,3187.05,EUR,2025-02-21,2025-03-28,
INV-0000271,CUST-00022,3485.31,EUR,2025-01-15,2025-01-24,
INV-0000272,CUST-00042,3990.91,EUR,2025-05-31,2025-06-29,
INV-0000273,CUST-00048,2181.90,EUR,2025-05-06,2025-06-15,
INV-0000274,CUST-00053,2851.34,EUR,2025-04-03,2025-04-20,
INV-0000275,CUST-00023,440.89,EUR,2025-07-15,2025-08-06,
INV-0000276,CUST-00064,4568.50,EUR,2025-03-15,2025-04-05,
INV-0000277,CUST-00060,3207.63,EUR,2025-08-24,2025-09-16,
INV-0000278,CUST-00086,96.52,EUR,2025-08-27,2025-09-21,
INV-0000279,CUST-00087,2755.66,EUR,2025-02-07,2025-03-14,
INV-0000280,CUST-00045,4938.88,EUR,2025-06-03,2025-07-07,
INV-0000281,CUST-00089,1287.99,EUR,2025-06-04,2025-06-23,
INV-0000282,CUST-00050,4274.01,EUR,2025-02-24,2025-03-18,
INV-0000283,CUST-00049,2881.02,EUR,2025-10-22,2025-11-16,
INV-0000284,CUST-00090,1511.39,EUR,2025-12-04,2026-01-05,
INV-0000285,CUST-00036,90.08,EUR,2025-12-18,2025-12-28,
INV-0000286,CUST-00078,3738.60,EUR,2025-05-27,2025-06-17,
INV-0000287,CUST-00078,4019.56,EUR,2025-04-23,2025-05-12,
INV-0000288,CUST-00080,1290.60,EUR,2025-12-04,2025-12-19,
INV-0000289,CUST-00081,530.96,EUR,2025-11-18,2025-11-27,
INV-0000290,CUST-00040,3953.62,EUR,2025-01-18,2025-03-03,
INV-0000291,CUST-00047,3675.18,EUR,2025-02-16,2025-03-13,
INV-0000292,CUST-00042,3750.03,EUR,2025-03-31,2025-04-19,
INV-0000293,CUST-00017,3943.24,EUR,2025-07-07,2025-08-16,
INV-0000294,CUST-00065,4571.76,EUR,2025-03-26,2025-04-18,
INV-0000295,CUST-00062,4838.55,EUR,2025-06-01,2025-06-29,
INV-0000296,CUST-00015,2368.24,EUR,2025-02-08,2025-02-24,
INV-0000297,CUST-00097,4834.18,EUR,2025-12-13,2026-01-14,
INV-0000298,CUST-00072,1860.59,EUR,2025-07-22,2025-07-29,
INV-0000299,CUST-00034,2706.03,EUR,2025-08-21,2025-09-20,
INV-0000300,CUST-00087,3757.61,EUR,2025-05-15,2025-06-28,
INV-0000301,CUST-00049,4120.97,EUR,2025-07-10,2025-07-23,
INV-0000302,CUST-00087,1207.42,EUR,2025-01-13,2025-02-24,
INV-0000303,CUST-00042,4580.52,EUR,2025-04-24,2025-05-05,
INV-0000304,CUST-00082,4128.08,EUR,2025-12-25,2026-01-20,
INV-0000305,CUST-00084,2071.06,EUR,2025-03-13,2025-03-22,
INV-0000306,CUST-00005,1556.60,EUR,2025-09-10,2025-09-24,
INV-0000307,CUST-00013,1212.26,EUR,2025-10-03,2025-10-18,
INV-0000308,CUST-00050,2295.54,EUR,2025-12-10,2026-01-20,
INV-0000309,CUST-00054,2957.33,EUR,2025-03-21,2025-04-23,
INV-0000310,CUST-00084,540.16,EUR,2025-09-08,2025-10-11,
INV-0000311,CUST-00036,211.95,EUR,2025-07-09,2025-07-29,
INV-0000312,CUST-00057,2251.24,EUR,2025-05-01,2025-05-31,
INV-0000313,CUST-00013,4905.59,EUR,2025-07-08,2025-08-18,
INV-0000314,CUST-00083,1825.44,EUR,2025-07-23,2025-08-16,
INV-0000315,CUST-00025,4842.62,EUR,2025-08-21,2025-09-02,
INV-0000316,CUST-00085,1099.92,EUR,2025-11-24,2026-01-08,
INV-0000317,CUST-00003,300.36,EUR,2025-06-20,2025-07-12,
INV-0000318,CUST-00017,3945.54,EUR,2025-04-16,2025-04-27,
INV-0000319,CUST-00098,2793.33,EUR,2025-10-28,2025-11-17,
INV-0000320,CUST-00030,1676.37,EUR,2025-03-17,2025-05-01,
INV-0000321,CUST-00001,1422.51,EUR,2025-03-16,2025-03-31,
INV-0000322,CUST-00070,1290.74,EUR,2025-03-31,2025-04-14,
INV-0000323,CUST-00085,4338.92,EUR,2025-03-09,2025-03-16,
INV-0000324,CUST-00046,3960.42,EUR,2025-05-02,2025-06-15,
INV-0000325,CUST-00042,128.12,EUR,2025-05-16,2025-05-26,
INV-0000326,CUST-00017,3721.50,EUR,2025-09-27,2025-10-11,
INV-0000327,CUST-00096,364.61,EUR,2025-08-18,2025-09-17,
INV-0000328,CUST-00066,2988.65,EUR,2025-08-20,2025-09-28,
INV-0000329,CUST-00029,4729.81,EUR,2025-01-23,2025-03-04,
INV-0000330,CUST-00039,2317.31,EUR,2025-01-16,2025-01-26,
INV-0000331,CUST-00062,4244.13,EUR,2025-08-07,2025-08-20,
INV-0000332,CUST-00063,3576.39,EUR,2025-08-16,2025-08-27,
INV-0000333,CUST-00011,1644.45,EUR,2025-03-17,2025-03-28,
INV-0000334,CUST-00017,1411.33,EUR,2025-11-21,2026-01-04,
INV-0000335,CUST-00071,3575.16,EUR,2025-07-15,2025-08-29,
INV-0000336,CUST-00068,1509.74,EUR,2025-09-16,2025-10-31,
INV-0000337,CUST-00056,540.93,EUR,2025-12-26,2026-01-09,
INV-0000338,CUST-00084,3272.04,EUR,2025-10-10,2025-10-30,
INV-0000339,CUST-00056,2285.20,EUR,2025-04-27,2025-05-30,
INV-0000340,CUST-00044,4145.73,EUR,2025-07-24,2025-08-26,
INV-0000341,CUST-00094,520.67,EUR,2025-08-07,2025-09-03,
INV-0000342,CUST-00086,1311.70,EUR,2025-03-20,2025-04-26,
INV-0000343,CUST-00009,501.56,EUR,2025-02-13,2025-02-25,
INV-0000344,CUST-00056,527.99,EUR,2025-07-10,2025-07-25,
INV-0000345,CUST-00072,346.91,EUR,2025-10-15,2025-11-26,
INV-0000346,CUST-00043,3366.57,EUR,2025-07-30,2025-08-28,
INV-0000347,CUST-00086,4708.59,EUR,2025-08-05,2025-08-15,
INV-0000348,CUST-00037,3022.03,EUR,2025-06-30,2025-07-13,
INV-0000349,CUST-00074,2561.69,EUR,2025-03-21,2025-04-27,
INV-0000350,CUST-00029,4244.01,EUR,2025-06-29,2025-08-10,
INV-0000351,CUST-00048,618.68,EUR,2025-05-23,2025-07-05,
INV-0000352,CUST-00029,4045.75,EUR,2025-10-15,2025-11-26,
INV-0000353,CUST-00004,3064.52,EUR,2025-12-03,2025-12-27,
INV-0000354,CUST-00004,943.06,EUR,2025-12-26,2026-01-21,
INV-0000355,CUST-00044,1787.57,EUR,2025-04-03,2025-04-19,
INV-0000356,CUST-00073,3303.86,EUR,2025-02-05,2025-02-21,
INV-0000357,CUST-00095,3184.20,EUR,2025-01-16,2025-01-28,
INV-0000358,CUST-00096,2675.89,EUR,2025-07-12,2025-08-14,
INV-0000359,CUST-00059,1737.44,EUR,2025-07-09,2025-08-04,
INV-0000360,CUST-00093,1655.70,EUR,2025-10-18,2025-12-02,
INV-0000361,CUST-00011,4422.54,EUR,2025-03-21,2025-04-07,
INV-0000362,CUST-00097,3108.30,EUR,2025-12-12,2025-12-24,
INV-0000363,CUST-00035,2243.41,EUR,2025-08-06,2025-09-13,
INV-0000364,CUST-00078,2238.12,EUR,2025-05-20,2025-06-09,
INV-0000365,CUST-00097,2586.11,EUR,2025-06-26,2025-07-30,
INV-0000366,CUST-00015,1452.07,EUR,2025-12-14,2026-01-27,
INV-0000367,CUST-00063,2658.32,EUR,2025-06-07,2025-06-16,
INV-0000368,CUST-00029,2006.55,EUR,2025-11-03,2025-11-13,
INV-0000369,CUST-00001,1061.89,EUR,2025-04-19,2025-05-04,
INV-0000370,CUST-00098,1314.82,EUR,2025-06-17,2025-07-01,
INV-0000371,CUST-00001,2512.06,EUR,2025-08-09,2025-08-27,
INV-0000372,CUST-00017,1932.03,EUR,2025-12-27,2026-01-17,
INV-0000373,CUST-00065,2815.68,EUR,2025-12-09,2026-01-07,
INV-0000374,CUST-00010,2015.50,EUR,2025-01-22,2025-02-25,
INV-0000375,CUST-00003,2325.78,EUR,2025-02-09,2025-03-08,
INV-0000376,CUST-00074,2174.96,EUR,2025-07-27,2025-08-29,
INV-0000377,CUST-00038,620.11,EUR,2025-01-11,2025-02-07,
INV-0000378,CUST-00022,4016.54,EUR,2025-11-13,2025-12-19,
INV-0000379,CUST-00089,4602.86,EUR,2025-02-15,2025-03-21,
INV-0000380,CUST-00014,1254.42,EUR,2025-10-29,2025-11-30,
INV-0000381,CUST-00068,439.30,EUR,2025-06-08,2025-07-06,
INV-0000382,CUST-00029,1698.69,EUR,2025-03-28,2025-04-08,
INV-0000383,CUST-00066,3184.46,EUR,2025-09-29,2025-11-07,
INV-0000384,CUST-00025,4534.32,EUR,2025-06-28,2025-07-27,
INV-0000385,CUST-00094,4793.21,EUR,2025-11-27,2025-12-13,
INV-0000386,CUST-00031,558.88,EUR,2025-05-12,2025-05-31,
INV-0000387,CUST-00023,3031.87,EUR,2025-12-02,2025-12-13,
INV-0000388,CUST-00023,4758.90,EUR,2025-11-18,2025-12-26,
INV-0000389,CUST-00060,3784.51,EUR,2025-10-24,2025-11-28,
INV-0000390,CUST-00088,4624.56,EUR,2025-10-17,2025-11-13,
INV-0000391,CUST-00081,1614.89,EUR,2025-08-14,2025-08-25,
INV-0000392,CUST-00061,2238.93,EUR,2025-06-05,2025-06-29,
INV-0000393,CUST-00076,328.05,EUR,2025-09-17,2025-09-28,
INV-0000394,CUST-00040,2335.63,EUR,2025-01-20,2025-01-30,
INV-0000395,CUST-00048,4166.90,EUR,2025-02-09,2025-02-21,
INV-0000396,CUST-00079,2990.70,EUR,2025-07-16,2025-08-21,
INV-0000397,CUST-00075,2793.87,EUR,2025-01-22,2025-02-26,
INV-0000398,CUST-00074,3276.60,EUR,2025-06-14,2025-07-29,
INV-0000399,CUST-00061,2531.77,EUR,2025-02-01,2025-03-08,
INV-0000400,CUST-00014,4064.29,EUR,2025-06-25,2025-07-07,
INV-0000401,CUST-00065,3248.33,EUR,2025-01-21,2025-02-12,
INV-0000402,CUST-00091,2216.90,EUR,2025-08-13,2025-09-22,
INV-0000403,CUST-00067,3068.54,EUR,2025-07-06,2025-08-05,
INV-0000404,CUST-00037,1967.71,EUR,2025-06-23,2025-08-07,
INV-0000405,CUST-00007,3956.67,EUR,2025-11-28,2025-12-26,
INV-0000406,CUST-00009,1681.97,EUR,2025-10-13,2025-11-13,
INV-0000407,CUST-00037,1297.38,EUR,2025-12-03,2026-01-17,
INV-0000408,CUST-00020,1700.14,EUR,2025-10-26,2025-11-11,
INV-0000409,CUST-00045,1585.65,EUR,2025-12-02,2026-01-03,
INV-0000410,CUST-00017,2995.45,EUR,2025-02-13,2025-03-11,
INV-0000411,CUST-00072,1914.56,EUR,2025-06-18,2025-07-03,
INV-0000412,CUST-00086,3529.01,EUR,2025-12-17,2026-01-26,
INV-0000413,CUST-00012,3247.82,EUR,2025-08-05,2025-09-13,
INV-0000414,CUST-00047,140.24,EUR,2025-06-08,2025-06-26,
INV-0000415,CUST-00028,1741.58,EUR,2025-09-06,2025-09-25,
INV-0000416,CUST-00029,4999.88,EUR,2025-03-21,2025-04-01,
INV-0000417,CUST-00038,4229.92,EUR,2025-02-21,2025-04-01,
INV-0000418,CUST-00099,2721.87,EUR,2025-09-27,2025-10-06,
INV-0000419,CUST-00085,1716.98,EUR,2025-11-13,2025-11-28,
INV-0000420,CUST-00077,1914.76,EUR,2025-03-25,2025-04-12,
INV-0000421,CUST-00089,3866.93,EUR,2025-03-26,2025-04-30,
INV-0000422,CUST-00006,2083.75,EUR,2025-12-13,2026-01-04,
INV-0000423,CUST-00057,3072.45,EUR,2025-08-18,2025-09-08,
INV-0000424,CUST-00069,1233.88,EUR,2025-08-29,2025-09-17,
INV-0000425,CUST-00048,3407.62,EUR,2025-10-20,2025-11-24,
INV-0000426,CUST-00060,3858.72,EUR,2025-07-15,2025-08-23,
INV-0000427,CUST-00068,2122.37,EUR,2025-03-24,2025-04-12,
INV-0000428,CUST-00078,735.07,EUR,2025-05-09,2025-05-19,
INV-0000429,CUST-00083,2428.92,EUR,2025-07-10,2025-08-21,
INV-0000430,CUST-00014,3571.43,EUR,2025-09-22,2025-10-06,
INV-0000431,CUST-00037,465.18,EUR,2025-03-24,2025-04-17,
INV-0000432,CUST-00058,4531.27,EUR,2025-03-17,2025-04-20,
INV-0000433,CUST-00012,4734.75,EUR,2025-04-24,2025-05-29,
INV-0000434,CUST-00045,4655.84,EUR,2025-08-01,2025-08-11,
INV-0000435,CUST-00051,2534.94,EUR,2025-05-01,2025-06-01,
INV-0000436,CUST-00011,1905.82,EUR,2025-01-15,2025-02-11,
INV-0000437,CUST-00013,4203.92,EUR,2025-11-29,2025-12-27,
INV-0000438,CUST-00019,731.12,EUR,2025-05-27,2025-07-03,
INV-0000439,CUST-00090,4164.00,EUR,2025-12-28,2026-02-03,
INV-0000440,CUST-00058,3095.97,EUR,2025-02-10,2025-02-18,
INV-0000441,CUST-00033,1117.49,EUR,2025-03-18,2025-04-29,
INV-0000442,CUST-00094,3063.96,EUR,2025-08-05,2025-08-19,
INV-0000443,CUST-00100,1476.10,EUR,2025-06-04,2025-06-18,
INV-0000444,CUST-00007,1230.28,EUR,2025-11-24,2025-12-30,
INV-0000445,CUST-00009,598.75,EUR,2025-09-13,2025-10-28,
INV-0000446,CUST-00069,131.35,EUR,2025-09-21,2025-11-03,
INV-0000447,CUST-00031,3606.79,EUR,2025-05-30,2025-07-03,
INV-0000448,CUST-00001,3093.31,EUR,2025-05-04,2025-06-16,
INV-0000449,CUST-00054,977.20,EUR,2025-12-09,2025-12-21,
INV-0000450,CUST-00068,4874.54,EUR,2025-02-04,2025-03-16,
INV-0000451,CUST-00070,2561.27,EUR,2025-09-17,2025-10-29,
INV-0000452,CUST-00003,1982.75,EUR,2025-08-29,2025-09-07,
INV-0000453,CUST-00082,1965.06,EUR,2025-07-11,2025-08-03,
INV-0000454,CUST-00096,130.40,EUR,2025-02-04,2025-03-05,
INV-0000455,CUST-00031,3678.06,EUR,2025-11-18,2025-12-01,
INV-0000456,CUST-00099,2930.42,EUR,2025-06-20,2025-07-05,
INV-0000457,CUST-00006,1793.88,EUR,2025-06-23,2025-07-11,
INV-0000458,CUST-00100,3439.18,EUR,2025-12-23,2026-01-29,
INV-0000459,CUST-00081,952.28,EUR,2025-03-11,2025-03-22,
INV-0000460,CUST-00092,3892.14,EUR,2025-08-23,2025-09-01,
INV-0000461,CUST-00038,1047.88,EUR,2025-04-13,2025-04-22,
INV-0000462,CUST-00041,4670.19,EUR,2025-09-21,2025-10-23,
INV-0000463,CUST-00070,2393.33,EUR,2025-01-19,2025-02-07,
INV-0000464,CUST-00037,1817.02,EUR,2025-01-25,2025-02-22,
INV-0000465,CUST-00035,666.15,EUR,2025-07-08,2025-08-11,
INV-0000466,CUST-00052,3729.37,EUR,2025-07-17,2025-08-14,
INV-0000467,CUST-00024,2506.21,EUR,2025-09-12,2025-10-12,
INV-0000468,CUST-00067,1370.27,EUR,2025-02-12,2025-03-18,
INV-0000469,CUST-00011,2181.51,EUR,2025-04-03,2025-05-14,
INV-0000470,CUST-00038,1640.00,EUR,2025-02-10,2025-03-09,
INV-0000471,CUST-00085,1513.42,EUR,2025-08-17,2025-10-01,
INV-0000472,CUST-00092,2159.27,EUR,2025-12-20,2026-01-24,
INV-0000473,CUST-00045,2263.29,EUR,2025-06-30,2025-08-03,
INV-0000474,CUST-00036,3215.37,EUR,2025-01-30,2025-02-10,
INV-0000475,CUST-00086,3205.69,EUR,2025-07-06,2025-08-14,
INV-0000476,CUST-00096,3413.08,EUR,2025-01-16,2025-02-01,
INV-0000477,CUST-00078,3406.54,EUR,2025-08-13,2025-08-22,
INV-0000478,CUST-00017,382.81,EUR,2025-11-27,2025-12-27,
INV-0000479,CUST-00047,1945.13,EUR,2025-10-18,2025-10-27,
INV-0000480,CUST-00078,809.52,EUR,2025-08-19,2025-09-18,
INV-0000481,CUST-00048,2247.50,EUR,2025-02-09,2025-03-24,
INV-0000482,CUST-00018,2670.83,EUR,2025-07-23,2025-08-19,
INV-0000483,CUST-00084,1429.51,EUR,2025-02-28,2025-03-08,
INV-0000484,CUST-00095,970.94,EUR,2025-09-23,2025-10-24,
INV-0000485,CUST-00072,632.92,EUR,2025-05-14,2025-06-18,
INV-0000486,CUST-00028,4982.01,EUR,2025-05-27,2025-07-04,
INV-0000487,CUST-00026,657.06,EUR,2025-02-07,2025-03-14,
INV-0000488,CUST-00023,4498.46,EUR,2025-08-16,2025-08-28,
INV-0000489,CUST-00088,4839.43,EUR,2025-06-13,2025-07-12,
INV-0000490,CUST-00091,371.45,EUR,2025-10-05,2025-10-30,
INV-0000491,CUST-00039,4264.24,EUR,2025-12-31,2026-01-18,
INV-0000492,CUST-00047,2568.34,EUR,2025-03-04,2025-03-23,
INV-0000493,CUST-00018,1221.84,EUR,2025-09-10,2025-09-18,
INV-0000494,CUST-00047,2792.41,EUR,2025-07-08,2025-08-13,
INV-0000495,CUST-00071,692.37,EUR,2025-02-14,2025-02-25,
INV-0000496,CUST-00040,2020.89,EUR,2025-09-03,2025-10-13,
INV-0000497,CUST-00053,3857.36,EUR,2025-10-22,2025-11-02,
INV-0000498,CUST-00017,4863.28,EUR,2025-11-25,2025-12-06,
INV-0000499,CUST-00058,2355.87,EUR,2025-09-22,2025-10-21,
INV-0000500,CUST-00017,4395.90,EUR,2025-10-10,2025-11-23,
INV-0000501,CUST-00024,3850.52,EUR,2025-03-08,2025-04-11,
INV-0000502,CUST-00065,4558.03,EUR,2025-01-29,2025-02-12,
INV-0000503,CUST-00067,807.43,EUR,2025-03-26,2025-04-12,
INV-0000504,CUST-00042,4676.95,EUR,2025-04-26,2025-05-25,
INV-0000505,CUST-00067,4479.88,EUR,2025-02-10,2025-03-05,
INV-0000506,CUST-00026,3193.53,EUR,2025-10-10,2025-11-03,
INV-0000507,CUST-00017,3143.86,EUR,2025-11-11,2025-12-22,
INV-0000508,CUST-00012,2537.74,EUR,2025-03-28,2025-05-11,
INV-0000509,CUST-00075,813.26,EUR,2025-12-04,2026-01-18,
INV-0000510,CUST-00044,4220.52,EUR,2025-10-16,2025-10-25,
INV-0000511,CUST-00004,452.05,EUR,2025-11-25,2026-01-07,
INV-0000512,CUST-00034,3273.09,EUR,2025-10-20,2025-11-22,
INV-0000513,CUST-00080,3213.01,EUR,2025-09-12,2025-10-23,
INV-0000514,CUST-00038,3227.44,EUR,2025-06-04,2025-07-11,
INV-0000515,CUST-00032,4033.21,EUR,2025-12-17,2026-01-18,
INV-0000516,CUST-00039,2295.04,EUR,2025-12-19,2025-12-29,
INV-0000517,CUST-00021,2226.05,EUR,2025-09-05,2025-10-11,
INV-0000518,CUST-00027,1733.95,EUR,2025-03-15,2025-04-11,
INV-0000519,CUST-00092,1630.62,EUR,2025-06-26,2025-07-28,
INV-0000520,CUST-00017,3815.29,EUR,2025-09-21,2025-11-02,
INV-0000521,CUST-00014,1629.62,EUR,2025-08-27,2025-09-10,
INV-0000522,CUST-00035,2275.50,EUR,2025-03-14,2025-03-27,
INV-0000523,CUST-00007,1486.55,EUR,2025-07-16,2025-08-18,
INV-0000524,CUST-00032,4815.29,EUR,2025-03-23,2025-04-19,
INV-0000525,CUST-00074,3619.59,EUR,2025-04-08,2025-04-25,
INV-0000526,CUST-00064,4980.05,EUR,2025-08-28,2025-10-05,
INV-0000527,CUST-00040,2511.98,EUR,2025-02-16,2025-03-20,
INV-0000528,CUST-00065,2313.29,EUR,2025-05-04,2025-05-24,
INV-0000529,CUST-00075,1796.83,EUR,2025-01-26,2025-02-20,
INV-0000530,CUST-00064,3007.72,EUR,2025-12-01,2026-01-07,
INV-0000531,CUST-00037,2706.62,EUR,2025-02-25,2025-03-31,
INV-0000532,CUST-00018,4418.16,EUR,2025-07-07,2025-08-08,
INV-0000533,CUST-00047,273.95,EUR,2025-01-27,2025-03-11,
INV-0000534,CUST-00072,1013.54,EUR,2025-10-11,2025-11-05,
INV-0000535,CUST-00010,1962.43,EUR,2025-08-19,2025-09-30,
INV-0000536,CUST-00036,4135.29,EUR,2025-11-16,2025-11-30,
INV-0000537,CUST-00017,4876.66,EUR,2025-07-21,2025-08-20,
INV-0000538,CUST-00044,2811.27,EUR,2025-07-07,2025-07-23,
INV-0000539,CUST-00026,3032.19,EUR,2025-07-25,2025-09-02,
INV-0000540,CUST-00006,274.25,EUR,2025-03-12,2025-04-09,
INV-0000541,CUST-00061,2620.70,EUR,2025-03-18,2025-05-02,
INV-0000542,CUST-00066,741.92,EUR,2025-11-10,2025-12-07,
INV-0000543,CUST-00021,1995.13,EUR,2025-11-12,2025-12-08,
INV-0000544,CUST-00076,1715.05,EUR,2025-09-18,2025-10-29,
INV-0000545,CUST-00063,3558.26,EUR,2025-06-03,2025-07-10,
INV-0000546,CUST-00003,1873.37,EUR,2025-12-11,2025-12-25,
INV-0000547,CUST-00054,2939.33,EUR,2025-12-19,2025-12-27,
INV-0000548,CUST-00077,2399.22,EUR,2025-12-02,2026-01-15,
INV-0000549,CUST-00074,1176.34,EUR,2025-01-27,2025-03-12,
INV-0000550,CUST-00062,894.03,EUR,2025-11-19,2025-12-20,
INV-0000551,CUST-00019,4117.22,EUR,2025-05-05,2025-05-14,
INV-0000552,CUST-00074,4743.62,EUR,2025-02-26,2025-03-17,
INV-0000553,CUST-00003,2233.14,EUR,2025-08-03,2025-08-19,
INV-0000554,CUST-00053,3467.98,EUR,2025-07-30,2025-09-07,
INV-0000555,CUST-00100,3076.82,EUR,2025-08-30,2025-09-09,
INV-0000556,CUST-00091,733.51,EUR,2025-04-17,2025-05-29,
INV-0000557,CUST-00042,4990.71,EUR,2025-09-02,2025-10-12,
INV-0000558,CUST-00049,1603.08,EUR,2025-03-30,2025-05-05,
INV-0000559,CUST-00069,1744.52,EUR,2025-07-01,2025-07-24,
INV-0000560,CUST-00079,2446.69,EUR,2025-05-07,2025-05-31,
INV-0000561,CUST-00072,1527.57,EUR,2025-06-02,2025-06-27,
INV-0000562,CUST-00091,1076.03,EUR,2025-12-27,2026-02-03,
INV-0000563,CUST-00041,2425.03,EUR,2025-10-14,2025-11-07,
INV-0000564,CUST-00037,653.28,EUR,2025-12-13,2026-01-23,
INV-0000565,CUST-00049,4484.01,EUR,2025-07-22,2025-08-20,
INV-0000566,CUST-00099,4032.85,EUR,2025-05-29,2025-06-07,
INV-0000567,CUST-00037,4778.80,EUR,2025-02-10,2025-03-11,
INV-0000568,CUST-00057,3297.06,EUR,2025-09-03,2025-09-23,
INV-0000569,CUST-00026,4148.36,EUR,2025-05-19,2025-06-30,
INV-0000570,CUST-00090,1394.53,EUR,2025-02-25,2025-04-10,
INV-0000571,CUST-00031,1250.17,EUR,2025-12-09,2026-01-18,
INV-0000572,CUST-00029,3207.83,EUR,2025-01-27,2025-02-09,
INV-0000573,CUST-00053,1684.95,EUR,2025-08-30,2025-09-12,
INV-0000574,CUST-00088,3865.29,EUR,2025-01-03,2025-02-14,
INV-0000575,CUST-00021,2064.19,EUR,2025-09-01,2025-10-08,
INV-0000576,CUST-00084,1037.31,EUR,2025-05-28,2025-06-24,
INV-0000577,CUST-00037,3247.19,EUR,2025-02-15,2025-03-30,
INV-0000578,CUST-00030,2699.00,EUR,2025-01-20,2025-02-07,
INV-0000579,CUST-00054,4417.11,EUR,2025-04-01,2025-04-10,
INV-0000580,CUST-00051,3950.41,EUR,2025-04-06,2025-05-01,
INV-0000581,CUST-00005,95.87,EUR,2025-10-18,2025-12-02,
INV-0000582,CUST-00014,4645.85,EUR,2025-06-21,2025-07-16,
INV-0000583,CUST-00059,4946.04,EUR,2025-10-06,2025-11-15,
INV-0000584,CUST-00064,4451.84,EUR,2025-03-10,2025-04-18,
INV-0000585,CUST-00060,1400.54,EUR,2025-02-27,2025-03-27,
INV-0000586,CUST-00021,3669.04,EUR,2025-11-28,2025-12-21,
INV-0000587,CUST-00092,971.69,EUR,2025-06-22,2025-07-17,
INV-0000588,CUST-00073,3388.29,EUR,2025-04-09,2025-04-27,
INV-0000589,CUST-00079,4287.93,EUR,2025-07-27,2025-08-30,
INV-0000590,CUST-00066,1673.24,EUR,2025-07-25,2025-08-07,
INV-0000591,CUST-00024,4909.34,EUR,2025-09-02,2025-09-29,
INV-0000592,CUST-00032,83.81,EUR,2025-07-16,2025-08-07,
INV-0000593,CUST-00058,3781.10,EUR,2025-06-18,2025-07-14,
INV-0000594,CUST-00075,3628.27,EUR,2025-01-06,2025-01-29,
INV-0000595,CUST-00084,1829.78,EUR,2025-05-01,2025-05-11,
INV-0000596,CUST-00086,635.21,EUR,2025-06-07,2025-06-24,
INV-0000597,CUST-00052,3446.06,EUR,2025-12-27,2026-01-22,
INV-0000598,CUST-00089,631.21,EUR,2025-06-01,2025-07-01,
INV-0000599,CUST-00079,1143.20,EUR,2025-03-10,2025-04-16,
INV-0000600,CUST-00020,2302.14,EUR,2025-11-07,2025-12-07,
INV-0000601,CUST-00054,3524.61,EUR,2025-08-30,2025-10-10,
INV-0000602,CUST-00086,4136.74,EUR,2025-05-07,2025-06-21,
INV-0000603,CUST-00011,2651.26,EUR,2025-09-28,2025-10-28,
INV-0000604,CUST-00010,4590.36,EUR,2025-02-27,2025-03-09,
INV-0000605,CUST-00071,4519.30,EUR,2025-04-14,2025-05-27,
INV-0000606,CUST-00069,791.77,EUR,2025-06-17,2025-07-27,
INV-0000607,CUST-00057,625.39,EUR,2025-04-16,2025-05-30,
INV-0000608,CUST-00063,500.16,EUR,2025-09-19,2025-10-24,
INV-0000609,CUST-00008,2294.49,EUR,2025-09-20,2025-10-23,
INV-0000610,CUST-00059,2841.36,EUR,2025-10-14,2025-11-19,
INV-0000611,CUST-00087,4044.23,EUR,2025-01-12,2025-02-13,
INV-0000612,CUST-00033,4091.44,EUR,2025-04-22,2025-06-05,
INV-0000613,CUST-00010,274.18,EUR,2025-06-26,2025-07-07,
INV-0000614,CUST-00070,4970.91,EUR,2025-02-05,2025-03-14,
INV-0000615,CUST-00005,1471.10,EUR,2025-04-03,2025-04-18,
INV-0000616,CUST-00099,3225.55,EUR,2025-11-27,2025-12-30,
INV-0000617,CUST-00048,4964.64,EUR,2025-07-15,2025-08-19,
INV-0000618,CUST-00049,1909.45,EUR,2025-12-16,2026-01-26,
INV-0000619,CUST-00018,3284.99,EUR,2025-06-28,2025-07-12,
INV-0000620,CUST-00023,4964.59,EUR,2025-07-21,2025-08-30,
INV-0000621,CUST-00017,3652.90,EUR,2025-04-25,2025-05-02,
INV-0000622,CUST-00097,162.54,EUR,2025-06-02,2025-07-08,
INV-0000623,CUST-00087,3609.52,EUR,2025-08-06,2025-09-16,
INV-0000624,CUST-00049,4125.63,EUR,2025-05-07,2025-06-12,
INV-0000625,CUST-00045,817.85,EUR,2025-04-07,2025-04-21,
INV-0000626,CUST-00005,4056.92,EUR,2025-08-03,2025-08-11,
INV-0000627,CUST-00031,1070.10,EUR,2025-02-21,2025-04-07,
INV-0000628,CUST-00005,2259.88,EUR,2025-12-11,2025-12-21,
INV-0000629,CUST-00032,3715.68,EUR,2025-07-25,2025-08-29,
INV-0000630,CUST-00030,2721.81,EUR,2025-01-29,2025-02-13,
INV-0000631,CUST-00065,4967.74,EUR,2025-04-30,2025-06-12,
INV-0000632,CUST-00041,2908.50,EUR,2025-12-11,2026-01-07,
INV-0000633,CUST-00031,1543.73,EUR,2025-03-15,2025-04-24,
INV-0000634,CUST-00029,2097.12,EUR,2025-05-21,2025-05-31,
INV-0000635,CUST-00072,4745.18,EUR,2025-03-31,2025-05-04,
INV-0000636,CUST-00072,2503.32,EUR,2025-06-26,2025-07-27,
INV-0000637,CUST-00068,1627.74,EUR,2025-08-02,2025-09-04,
INV-0000638,CUST-00020,1534.45,EUR,2025-04-05,2025-05-16,
INV-0000639,CUST-00061,1242.79,EUR,2025-04-26,2025-05-22,
INV-0000640,CUST-00091,764.54,EUR,2025-08-26,2025-09-05,
INV-0000641,CUST-00072,2092.75,EUR,2025-08-02,2025-09-13,
INV-0000642,CUST-00068,713.76,EUR,2025-05-05,2025-05-28,
INV-0000643,CUST-00027,1684.80,EUR,2025-02-10,2025-03-17,
INV-0000644,CUST-00048,507.70,EUR,2025-04-08,2025-04-18,
INV-0000645,CUST-00035,1916.98,EUR,2025-11-06,2025-12-21,
INV-0000646,CUST-00006,4374.42,EUR,2025-04-07,2025-05-21,
INV-0000647,CUST-00093,3373.68,EUR,2025-04-22,2025-05-29,
INV-0000648,CUST-00027,4353.90,EUR,2025-06-20,2025-07-16,
INV-0000649,CUST-00002,1098.45,EUR,2025-04-08,2025-04-22,
INV-0000650,CUST-00096,4997.88,EUR,2025-09-03,2025-09-25,
INV-0000651,CUST-00090,3041.79,EUR,2025-04-15,2025-05-17,
INV-0000652,CUST-00031,2782.79,EUR,2025-05-25,2025-06-25,
INV-0000653,CUST-00060,2691.57,EUR,2025-07-03,2025-07-29,
INV-0000654,CUST-00034,1830.24,EUR,2025-09-12,2025-10-18,
INV-0000655,CUST-00013,4023.94,EUR,2025-08-29,2025-09-25,
INV-0000656,CUST-00027,1884.99,EUR,2025-07-31,2025-08-09,
INV-0000657,CUST-00073,4327.22,EUR,2025-03-16,2025-03-24,
INV-0000658,CUST-00034,2788.89,EUR,2025-10-27,2025-12-10,
INV-0000659,CUST-00093,2117.01,EUR,2025-03-20,2025-04-08,
INV-0000660,CUST-00043,1188.59,EUR,2025-10-19,2025-11-10,
INV-0000661,CUST-00064,2775.68,EUR,2025-12-17,2026-01-14,
INV-0000662,CUST-00033,3828.64,EUR,2025-09-08,2025-10-16,
INV-0000663,CUST-00059,882.76,EUR,2025-06-30,2025-07-17,
INV-0000664,CUST-00018,3615.55,EUR,2025-09-08,2025-09-26,
INV-0000665,CUST-00070,4952.10,EUR,2025-01-31,2025-03-12,
INV-0000666,CUST-00005,4203.39,EUR,2025-02-08,2025-02-18,
INV-0000667,CUST-00098,81.60,EUR,2025-03-12,2025-04-02,
INV-0000668,CUST-00009,3550.49,EUR,2025-01-05,2025-01-25,
INV-0000669,CUST-00065,2307.25,EUR,2025-01-31,2025-03-09,
INV-0000670,CUST-00085,2464.88,EUR,2025-01-04,2025-02-14,
INV-0000671,CUST-00071,2086.13,EUR,2025-01-09,2025-02-18,
INV-0000672,CUST-00093,1409.97,EUR,2025-05-27,2025-06-04,
INV-0000673,CUST-00065,4075.13,EUR,2025-12-12,2026-01-15,
INV-0000674,CUST-00023,579.73,EUR,2025-02-19,2025-03-31,
INV-0000675,CUST-00020,1242.80,EUR,2025-11-14,2025-12-24,
INV-0000676,CUST-00033,4085.31,EUR,2025-05-17,2025-06-18,
INV-0000677,CUST-00011,1896.61,EUR,2025-07-27,2025-09-01,
INV-0000678,CUST-00073,1253.88,EUR,2025-12-23,2026-01-13,
INV-0000679,CUST-00039,3436.01,EUR,2025-02-11,2025-02-20,
INV-0000680,CUST-00012,2056.13,EUR,2025-07-13,2025-08-24,
INV-0000681,CUST-00061,327.77,EUR,2025-01-05,2025-01-22,
INV-0000682,CUST-00011,2524.30,EUR,2025-08-11,2025-09-08,
INV-0000683,CUST-00073,4887.78,EUR,2025-02-18,2025-03-30,
INV-0000684,CUST-00006,1187.34,EUR,2025-12-21,2026-02-02,
INV-0000685,CUST-00061,1391.92,EUR,2025-02-08,2025-03-04,
INV-0000686,CUST-00070,2839.37,EUR,2025-01-17,2025-02-04,
INV-0000687,CUST-00041,127.51,EUR,2025-04-17,2025-05-31,
INV-0000688,CUST-00019,3773.66,EUR,2025-12-31,2026-02-01,
INV-0000689,CUST-00010,1531.42,EUR,2025-10-16,2025-11-07,
INV-0000690,CUST-00073,4181.52,EUR,2025-07-19,2025-08-29,
INV-0000691,CUST-00043,1950.04,EUR,2025-03-13,2025-03-25,
INV-0000692,CUST-00065,3740.01,EUR,2025-06-27,2025-07-07,
INV-0000693,CUST-00013,2213.59,EUR,2025-02-08,2025-03-08,
INV-0000694,CUST-00078,3856.58,EUR,2025-11-01,2025-12-03,
INV-0000695,CUST-00100,1665.56,EUR,2025-11-21,2025-12-15,
INV-0000696,CUST-00058,2478.49,EUR,2025-07-02,2025-08-13,
INV-0000697,CUST-00049,2187.65,EUR,2025-12-15,2026-01-28,
INV-0000698,CUST-00085,1931.36,EUR,2025-11-13,2025-12-08,
INV-0000699,CUST-00032,3579.89,EUR,2025-02-12,2025-03-08,
INV-0000700,CUST-00020,1931.00,EUR,2025-11-21,2025-12-07,
INV-0000701,CUST-00095,1978.63,EUR,2025-07-04,2025-07-17,
INV-0000702,CUST-00012,75.72,EUR,2025-06-07,2025-07-12,
INV-0000703,CUST-00047,3818.67,EUR,2025-02-22,2025-03-09,
INV-0000704,CUST-00012,977.59,EUR,2025-08-18,2025-09-29,
INV-0000705,CUST-00072,2586.58,EUR,2025-02-22,2025-03-02,
INV-0000706,CUST-00012,1801.88,EUR,2025-02-17,2025-04-03,
INV-0000707,CUST-00077,3932.97,EUR,2025-07-17,2025-07-24,
INV-0000708,CUST-00038,2098.36,EUR,2025-02-13,2025-03-27,
INV-0000709,CUST-00032,2881.20,EUR,2025-03-28,2025-04-28,
INV-0000710,CUST-00022,737.26,EUR,2025-06-04,2025-06-28,
INV-0000711,CUST-00064,772.38,EUR,2025-03-27,2025-04-30,
INV-0000712,CUST-00036,2134.46,EUR,2025-09-05,2025-09-16,
INV-0000713,CUST-00047,1295.91,EUR,2025-05-07,2025-06-14,
INV-0000714,CUST-00077,3102.51,EUR,2025-08-23,2025-09-05,
INV-0000715,CUST-00018,1558.06,EUR,2025-07-22,2025-08-19,
INV-0000716,CUST-00080,1930.46,EUR,2025-06-18,2025-07-23,
INV-0000717,CUST-00043,2181.55,EUR,2025-11-30,2026-01-14,
INV-0000718,CUST-00018,1537.15,EUR,2025-11-05,2025-11-24,
INV-0000719,CUST-00062,1605.21,EUR,2025-07-23,2025-08-19,
INV-0000720,CUST-00038,3687.63,EUR,2025-11-21,2025-12-29,
INV-0000721,CUST-00074,3920.77,EUR,2025-06-16,2025-07-17,
INV-0000722,CUST-00036,4091.65,EUR,2025-07-21,2025-08-20,
INV-0000723,CUST-00015,4663.73,EUR,2025-04-13,2025-05-27,
INV-0000724,CUST-00070,940.64,EUR,2025-10-09,2025-10-17,
INV-0000725,CUST-00094,2335.03,EUR,2025-12-29,2026-01-18,
INV-0000726,CUST-00057,3998.54,EUR,2025-12-21,2026-01-01,
INV-0000727,CUST-00053,3381.24,EUR,2025-03-13,2025-04-08,
INV-0000728,CUST-00031,1300.77,EUR,2025-03-20,2025-04-23,
INV-0000729,CUST-00049,416.13,EUR,2025-11-03,2025-12-10,
INV-0000730,CUST-00075,2033.99,EUR,2025-09-17,2025-10-20,
INV-0000731,CUST-00070,231.99,EUR,2025-07-04,2025-08-14,
INV-0000732,CUST-00077,3208.99,EUR,2025-02-13,2025-02-26,
INV-0000733,CUST-00099,1278.74,EUR,2025-12-07,2026-01-05,
INV-0000734,CUST-00022,3252.65,EUR,2025-01-23,2025-03-07,
INV-0000735,CUST-00083,3403.49,EUR,2025-07-24,2025-08-21,
INV-0000736,CUST-00056,574.43,EUR,2025-02-20,2025-03-15,
INV-0000737,CUST-00029,2577.85,EUR,2025-09-23,2025-11-04,
INV-0000738,CUST-00075,3453.94,EUR,2025-04-24,2025-05-29,
INV-0000739,CUST-00048,1986.11,EUR,2025-12-14,2026-01-27,
INV-0000740,CUST-00089,2527.31,EUR,2025-06-26,2025-07-04,
INV-0000741,CUST-00062,567.52,EUR,2025-08-01,2025-08-13,
INV-0000742,CUST-00015,4165.02,EUR,2025-03-14,2025-04-12,
INV-0000743,CUST-00040,1748.18,EUR,2025-04-16,2025-05-26,
INV-0000744,CUST-00062,1774.09,EUR,2025-02-19,2025-03-26,
INV-0000745,CUST-00093,3498.98,EUR,2025-06-13,2025-06-24,
INV-0000746,CUST-00039,271.18,EUR,2025-12-30,2026-01-13,
INV-0000747,CUST-00003,4253.44,EUR,2025-11-28,2025-12-11,
INV-0000748,CUST-00087,4010.25,EUR,2025-05-05,2025-06-14,
INV-0000749,CUST-00023,2781.96,EUR,2025-06-19,2025-07-31,
INV-0000750,CUST-00055,4794.39,EUR,2025-04-29,2025-05-31,
INV-0000751,CUST-00081,963.04,EUR,2025-11-24,2025-12-28,
INV-0000752,CUST-00051,194.50,EUR,2025-11-11,2025-11-30,
INV-0000753,CUST-00058,2981.41,EUR,2025-07-19,2025-07-26,
INV-0000754,CUST-00091,1113.24,EUR,2025-05-23,2025-06-03,
INV-0000755,CUST-00074,553.67,EUR,2025-10-02,2025-10-20,
INV-0000756,CUST-00047,1663.63,EUR,2025-08-23,2025-09-06,
INV-0000757,CUST-00034,3369.97,EUR,2025-09-08,2025-10-18,
INV-0000758,CUST-00082,1601.35,EUR,2025-07-18,2025-08-19,
INV-0000759,CUST-00076,615.45,EUR,2025-06-30,2025-08-05,
INV-0000760,CUST-00080,904.01,EUR,2025-12-11,2026-01-06,
INV-0000761,CUST-00079,2971.33,EUR,2025-12-11,2025-12-26,
INV-0000762,CUST-00041,633.42,EUR,2025-06-06,2025-06-20,
INV-0000763,CUST-00024,1897.87,EUR,2025-03-14,2025-04-22,
INV-0000764,CUST-00050,2120.28,EUR,2025-03-12,2025-04-24,
INV-0000765,CUST-00050,2144.04,EUR,2025-09-07,2025-10-18,
INV-0000766,CUST-00089,4599.85,EUR,2025-03-30,2025-05-11,
INV-0000767,CUST-00022,2473.73,EUR,2025-03-13,2025-03-31,
INV-0000768,CUST-00041,4217.83,EUR,2025-11-14,2025-11-24,
INV-0000769,CUST-00046,4761.62,EUR,2025-09-06,2025-09-21,
INV-0000770,CUST-00025,4085.32,EUR,2025-10-15,2025-11-23,
INV-0000771,CUST-00084,2500.10,EUR,2025-12-17,2026-01-24,
INV-0000772,CUST-00054,3565.20,EUR,2025-08-16,2025-09-23,
INV-0000773,CUST-00022,459.22,EUR,2025-01-16,2025-02-06,
INV-0000774,CUST-00038,211.84,EUR,2025-04-26,2025-06-06,
INV-0000775,CUST-00037,882.63,EUR,2025-08-23,2025-10-05,
INV-0000776,CUST-00096,3874.11,EUR,2025-09-11,2025-10-23,
INV-0000777,CUST-00066,610.39,EUR,2025-02-28,2025-03-24,
INV-0000778,CUST-00100,2738.38,EUR,2025-07-07,2025-08-17,
INV-0000779,CUST-00097,255.97,EUR,2025-08-14,2025-09-24,
INV-0000780,CUST-00028,4949.39,EUR,2025-02-22,2025-03-16,
INV-0000781,CUST-00039,4380.31,EUR,2025-01-17,2025-02-21,
INV-0000782,CUST-00034,1775.46,EUR,2025-02-14,2025-03-21,
INV-0000783,CUST-00016,3889.38,EUR,2025-05-02,2025-05-22,
INV-0000784,CUST-00095,2960.22,EUR,2025-06-29,2025-08-02,
INV-0000785,CUST-00022,3099.95,EUR,2025-04-16,2025-05-06,
INV-0000786,CUST-00008,2871.87,EUR,2025-09-30,2025-10-24,
INV-0000787,CUST-00077,2716.90,EUR,2025-06-15,2025-07-10,
INV-0000788,CUST-00038,2885.04,EUR,2025-09-21,2025-10-04,
INV-0000789,CUST-00018,4815.72,EUR,2025-07-30,2025-08-09,
INV-0000790,CUST-00036,4341.89,EUR,2025-03-06,2025-03-21,
INV-0000791,CUST-00032,773.91,EUR,2025-06-14,2025-07-06,
INV-0000792,CUST-00098,4225.60,EUR,2025-07-21,2025-08-28,
INV-0000793,CUST-00019,2908.26,EUR,2025-05-18,2025-06-20,
INV-0000794,CUST-00049,2287.36,EUR,2025-11-21,2025-12-03,
INV-0000795,CUST-00052,2602.29,EUR,2025-05-23,2025-06-22,
INV-0000796,CUST-00059,4753.76,EUR,2025-06-17,2025-07-31,
INV-0000797,CUST-00001,4351.09,EUR,2025-02-17,2025-03-25,
INV-0000798,CUST-00082,3337.51,EUR,2025-07-03,2025-07-14,
INV-0000799,CUST-00069,2018.69,EUR,2025-08-08,2025-08-28,
INV-0000800,CUST-00064,1379.26,EUR,2025-05-26,2025-06-23,
INV-0000801,CUST-00071,2910.77,EUR,2025-10-17,2025-11-24,
INV-0000802,CUST-00044,4476.07,EUR,2025-01-25,2025-02-03,
INV-0000803,CUST-00013,3149.59,EUR,2025-08-24,2025-09-01,
INV-0000804,CUST-00016,4650.69,EUR,2025-03-22,2025-04-26,
INV-0000805,CUST-00059,53.35,EUR,2025-08-08,2025-08-27,
INV-0000806,CUST-00089,4551.57,EUR,2025-11-29,2025-12-25,
INV-0000807,CUST-00021,4378.40,EUR,2025-05-21,2025-06-02,
INV-0000808,CUST-00084,1834.16,EUR,2025-02-12,2025-03-14,
INV-0000809,CUST-00086,4523.81,EUR,2025-03-26,2025-04-05,
INV-0000810,CUST-00051,3146.74,EUR,2025-12-25,2026-01-15,
INV-0000811,CUST-00055,3294.65,EUR,2025-12-27,2026-01-09,
INV-0000812,CUST-00001,1106.43,EUR,2025-02-09,2025-02-24,
INV-0000813,CUST-00076,1169.64,EUR,2025-12-15,2026-01-19,
INV-0000814,CUST-00002,89.91,EUR,2025-06-25,2025-07-09,
INV-0000815,CUST-00055,3485.45,EUR,2025-09-02,2025-09-13,
INV-0000816,CUST-00030,1946.20,EUR,2025-02-22,2025-03-07,
INV-0000817,CUST-00041,1869.43,EUR,2025-06-03,2025-06-18,
INV-0000818,CUST-00049,3878.63,EUR,2025-03-10,2025-03-26,
INV-0000819,CUST-00009,2676.02,EUR,2025-01-05,2025-01-22,
INV-0000820,CUST-00057,1788.38,EUR,2025-04-20,2025-05-06,
INV-0000821,CUST-00053,3099.58,EUR,2025-08-15,2025-09-04,
INV-0000822,CUST-00012,4488.14,EUR,2025-03-13,2025-03-27,
INV-0000823,CUST-00076,3663.55,EUR,2025-06-29,2025-08-02,
INV-0000824,CUST-00041,3965.83,EUR,2025-05-07,2025-05-31,
INV-0000825,CUST-00083,467.03,EUR,2025-10-11,2025-11-25,
INV-0000826,CUST-00077,3619.84,EUR,2025-05-26,2025-06-03,
INV-0000827,CUST-00085,4385.34,EUR,2025-04-16,2025-05-26,
INV-0000828,CUST-00078,2572.14,EUR,2025-07-20,2025-08-14,
INV-0000829,CUST-00083,320.12,EUR,2025-05-03,2025-06-10,
INV-0000830,CUST-00050,608.08,EUR,2025-09-13,2025-10-28,
INV-0000831,CUST-00010,2665.02,EUR,2025-01-07,2025-02-06,
INV-0000832,CUST-00041,703.32,EUR,2025-10-19,2025-11-21,
INV-0000833,CUST-00047,2754.46,EUR,2025-03-30,2025-05-06,
INV-0000834,CUST-00099,411.31,EUR,2025-10-28,2025-11-08,
INV-0000835,CUST-00002,1347.82,EUR,2025-01-21,2025-01-31,
INV-0000836,CUST-00051,2557.72,EUR,2025-11-18,2025-12-27,
INV-0000837,CUST-00099,2106.39,EUR,2025-12-26,2026-01-27,
INV-0000838,CUST-00011,3220.66,EUR,2025-10-03,2025-10-19,
INV-0000839,CUST-00036,463.81,EUR,2025-02-10,2025-03-21,
INV-0000840,CUST-00027,4872.85,EUR,2025-03-21,2025-05-01,
INV-0000841,CUST-00042,1984.12,EUR,2025-11-21,2025-12-02,
INV-0000842,CUST-00040,3508.45,EUR,2025-05-03,2025-05-13,
INV-0000843,CUST-00032,476.75,EUR,2025-08-11,2025-08-25,
INV-0000844,CUST-00059,3080.87,EUR,2025-01-29,2025-02-24,
INV-0000845,CUST-00086,3721.38,EUR,2025-03-31,2025-04-14,
INV-0000846,CUST-00002,3554.11,EUR,2025-12-26,2026-01-02,
INV-0000847,CUST-00021,2507.24,EUR,2025-06-27,2025-08-06,
INV-0000848,CUST-00067,3925.79,EUR,2025-05-13,2025-05-30,
INV-0000849,CUST-00048,678.31,EUR,2025-05-18,2025-06-01,
INV-0000850,CUST-00099,4504.49,EUR,2025-06-21,2025-07-25,
INV-0000851,CUST-00035,2643.08,EUR,2025-05-15,2025-06-27,
INV-0000852,CUST-00081,431.50,EUR,2025-08-22,2025-09-30,
INV-0000853,CUST-00047,324.42,EUR,2025-10-18,2025-11-04,
INV-0000854,CUST-00048,828.68,EUR,2025-02-22,2025-04-06,
INV-0000855,CUST-00087,3627.75,EUR,2025-04-27,2025-06-05,
INV-0000856,CUST-00001,267.99,EUR,2025-01-07,2025-01-29,
INV-0000857,CUST-00006,2385.23,EUR,2025-07-16,2025-08-01,
INV-0000858,CUST-00023,4659.24,EUR,2025-01-19,2025-03-02,
INV-0000859,CUST-00092,3716.30,EUR,2025-08-03,2025-08-24,
INV-0000860,CUST-00042,1278.90,EUR,2025-06-13,2025-07-07,
INV-0000861,CUST-00010,2879.10,EUR,2025-03-03,2025-04-11,
INV-0000862,CUST-00087,4514.61,EUR,2025-04-02,2025-04-23,
INV-0000863,CUST-00067,4908.00,EUR,2025-07-25,2025-08-05,
INV-0000864,CUST-00060,4336.86,EUR,2025-06-09,2025-07-06,
INV-0000865,CUST-00012,2787.80,EUR,2025-01-05,2025-02-04,
INV-0000866,CUST-00026,1493.40,EUR,2025-06-05,2025-06-27,
INV-0000867,CUST-00060,1872.95,EUR,2025-09-10,2025-09-29,
INV-0000868,CUST-00094,4507.19,EUR,2025-05-06,2025-05-22,
INV-0000869,CUST-00001,4665.37,EUR,2025-01-13,2025-02-03,
INV-0000870,CUST-00070,1764.80,EUR,2025-12-22,2025-12-29,
INV-0000871,CUST-00043,57.24,EUR,2025-12-03,2026-01-03,
INV-0000872,CUST-00095,3649.71,EUR,2025-02-23,2025-03-15,
INV-0000873,CUST-00068,4916.42,EUR,2025-08-03,2025-09-10,
INV-0000874,CUST-00008,4864.17,EUR,2025-03-14,2025-04-07,
INV-0000875,CUST-00012,267.31,EUR,2025-04-29,2025-06-08,
INV-0000876,CUST-00053,3519.19,EUR,2025-07-10,2025-08-15,
INV-0000877,CUST-00096,470.27,EUR,2025-02-18,2025-03-29,
INV-0000878,CUST-00018,3204.22,EUR,2025-07-21,2025-08-01,
INV-0000879,CUST-00076,2860.71,EUR,2025-08-11,2025-08-26,
INV-0000880,CUST-00031,1493.80,EUR,2025-06-11,2025-07-13,
INV-0000881,CUST-00090,4167.90,EUR,2025-06-17,2025-07-14,
INV-0000882,CUST-00058,1396.18,EUR,2025-02-08,2025-02-27,
INV-0000883,CUST-00018,3910.69,EUR,2025-10-27,2025-11-09,
INV-0000884,CUST-00020,573.01,EUR,2025-08-19,2025-09-24,
INV-0000885,CUST-00041,2062.24,EUR,2025-10-02,2025-10-31,
INV-0000886,CUST-00099,1077.80,EUR,2025-06-07,2025-07-13,
INV-0000887,CUST-00034,4269.79,EUR,2025-02-16,2025-03-05,
INV-0000888,CUST-00088,1555.86,EUR,2025-12-27,2026-02-10,
INV-0000889,CUST-00006,1114.35,EUR,2025-06-17,2025-07-03,
INV-0000890,CUST-00012,3570.23,EUR,2025-07-02,2025-08-03,
INV-0000891,CUST-00066,292.31,EUR,2025-06-03,2025-06-26,
INV-0000892,CUST-00023,203.86,EUR,2025-07-27,2025-08-31,
INV-0000893,CUST-00072,3752.99,EUR,2025-05-08,2025-05-21,
INV-0000894,CUST-00060,554.44,EUR,2025-03-13,2025-03-27,
INV-0000895,CUST-00002,355.26,EUR,2025-04-24,2025-05-09,
INV-0000896,CUST-00026,4127.18,EUR,2025-07-10,2025-07-22,
INV-0000897,CUST-00075,2951.29,EUR,2025-02-08,2025-02-16,
INV-0000898,CUST-00009,1028.86,EUR,2025-11-27,2026-01-01,
INV-0000899,CUST-00017,505.29,EUR,2025-06-19,2025-07-03,
INV-0000900,CUST-00006,4714.29,EUR,2025-01-26,2025-02-12,
INV-0000901,CUST-00074,2194.12,EUR,2025-07-22,2025-08-29,
INV-0000902,CUST-00004,1944.51,EUR,2025-08-07,2025-08-25,
INV-0000903,CUST-00046,1112.84,EUR,2025-04-06,2025-04-30,
INV-0000904,CUST-00036,2257.76,EUR,2025-03-18,2025-03-27,
INV-0000905,CUST-00079,3114.92,EUR,2025-05-06,2025-05-31,
INV-0000906,CUST-00064,2089.36,EUR,2025-10-09,2025-11-15,
INV-0000907,CUST-00008,484.22,EUR,2025-07-16,2025-07-31,
INV-0000908,CUST-00054,1037.32,EUR,2025-09-27,2025-10-19,
INV-0000909,CUST-00081,4970.73,EUR,2025-10-06,2025-10-14,
INV-0000910,CUST-00049,3920.48,EUR,2025-07-03,2025-08-09,
INV-0000911,CUST-00070,3918.10,EUR,2025-06-26,2025-08-08,
INV-0000912,CUST-00065,1641.94,EUR,2025-05-19,2025-06-06,
INV-0000913,CUST-00004,1628.44,EUR,2025-04-23,2025-05-01,
INV-0000914,CUST-00100,1440.62,EUR,2025-08-30,2025-10-09,
INV-0000915,CUST-00046,3845.87,EUR,2025-04-30,2025-05-17,
INV-0000916,CUST-00013,1276.89,EUR,2025-05-04,2025-05-28,
INV-0000917,CUST-00069,4090.61,EUR,2025-01-29,2025-02-19,
INV-0000918,CUST-00074,4240.20,EUR,2025-07-18,2025-08-16,
INV-0000919,CUST-00023,921.70,EUR,2025-10-31,2025-11-27,
INV-0000920,CUST-00095,3503.25,EUR,2025-10-30,2025-11-07,
INV-0000921,CUST-00091,3517.78,EUR,2025-10-18,2025-11-30,
INV-0000922,CUST-00019,2837.39,EUR,2025-04-07,2025-05-15,
INV-0000923,CUST-00070,1579.81,EUR,2025-09-09,2025-09-18,
INV-0000924,CUST-00012,328.03,EUR,2025-11-05,2025-11-26,
INV-0000925,CUST-00003,2655.92,EUR,2025-01-01,2025-01-29,
INV-0000926,CUST-00079,1047.25,EUR,2025-03-08,2025-04-05,
INV-0000927,CUST-00092,928.43,EUR,2025-06-15,2025-06-25,
INV-0000928,CUST-00003,781.17,EUR,2025-12-27,2026-01-12,
INV-0000929,CUST-00100,599.06,EUR,2025-09-27,2025-10-27,
INV-0000930,CUST-00010,1899.27,EUR,2025-12-06,2026-01-07,
INV-0000931,CUST-00076,550.11,EUR,2025-06-04,2025-07-01,
INV-0000932,CUST-00018,4880.51,EUR,2025-08-12,2025-09-19,
INV-0000933,CUST-00084,1620.55,EUR,2025-12-29,2026-02-09,
INV-0000934,CUST-00089,4453.52,EUR,2025-11-11,2025-12-10,
INV-0000935,CUST-00029,3344.38,EUR,2025-03-31,2025-05-01,
INV-0000936,CUST-00040,3683.28,EUR,2025-05-31,2025-06-15,
INV-0000937,CUST-00023,3657.71,EUR,2025-12-26,2026-02-07,
INV-0000938,CUST-00051,4261.25,EUR,2025-10-18,2025-10-27,
INV-0000939,CUST-00024,3031.82,EUR,2025-11-10,2025-12-01,
INV-0000940,CUST-00082,2849.47,EUR,2025-09-12,2025-09-28,
INV-0000941,CUST-00043,3739.45,EUR,2025-05-02,2025-05-31,
INV-0000942,CUST-00041,881.04,EUR,2025-02-15,2025-03-15,
INV-0000943,CUST-00058,106.41,EUR,2025-04-18,2025-05-10,
INV-0000944,CUST-00089,385.58,EUR,2025-05-12,2025-05-25,
INV-0000945,CUST-00093,56.34,EUR,2025-07-17,2025-08-21,
INV-0000946,CUST-00094,2127.28,EUR,2025-03-27,2025-04-29,
INV-0000947,CUST-00064,4414.76,EUR,2025-06-29,2025-08-09,
INV-0000948,CUST-00049,552.07,EUR,2025-09-03,2025-10-16,
INV-0000949,CUST-00084,3803.31,EUR,2025-04-26,2025-05-13,
INV-0000950,CUST-00058,414.86,EUR,2025-01-18,2025-02-12,
INV-0000951,CUST-00003,1627.65,EUR,2025-02-23,2025-03-06,
INV-0000952,CUST-00044,892.02,EUR,2025-07-12,2025-07-29,
INV-0000953,CUST-00094,421.26,EUR,2025-02-17,2025-03-17,
INV-0000954,CUST-00077,4927.12,EUR,2025-09-05,2025-09-13,
INV-0000955,CUST-00056,4715.09,EUR,2025-03-26,2025-05-10,
INV-0000956,CUST-00056,827.66,EUR,2025-02-21,2025-03-21,
INV-0000957,CUST-00027,4873.27,EUR,2025-07-29,2025-09-09,
INV-0000958,CUST-00093,4631.59,EUR,2025-10-04,2025-10-27,
INV-0000959,CUST-00085,1443.54,EUR,2025-05-02,2025-05-15,
INV-0000960,CUST-00007,1994.87,EUR,2025-10-09,2025-11-16,
INV-0000961,CUST-00020,319.80,EUR,2025-01-02,2025-02-05,
INV-0000962,CUST-00012,1508.02,EUR,2025-12-05,2026-01-19,
INV-0000963,CUST-00062,1038.39,EUR,2025-01-14,2025-02-03,
INV-0000964,CUST-00022,3209.04,EUR,2025-02-11,2025-03-20,
INV-0000965,CUST-00015,1576.35,EUR,2025-07-23,2025-08-29,
INV-0000966,CUST-00063,4479.64,EUR,2025-05-16,2025-05-28,
INV-0000967,CUST-00083,2743.42,EUR,2025-04-05,2025-05-05,
INV-0000968,CUST-00049,1878.54,EUR,2025-08-17,2025-08-26,
INV-0000969,CUST-00034,2226.72,EUR,2025-05-15,2025-06-05,
INV-0000970,CUST-00035,2843.02,EUR,2025-03-19,2025-04-01,
INV-0000971,CUST-00011,3357.30,EUR,2025-10-05,2025-11-07,
INV-0000972,CUST-00097,2969.15,EUR,2025-10-11,2025-10-21,
INV-0000973,CUST-00050,4101.11,EUR,2025-08-03,2025-09-13,
INV-0000974,CUST-00088,4341.13,EUR,2025-09-01,2025-10-14,
INV-0000975,CUST-00031,2407.50,EUR,2025-02-10,2025-03-14,
INV-0000976,CUST-00092,221.91,EUR,2025-10-20,2025-11-29,
INV-0000977,CUST-00074,3403.80,EUR,2025-11-14,2025-11-30,
INV-0000978,CUST-00016,4748.81,EUR,2025-08-18,2025-09-05,
INV-0000979,CUST-00022,4862.22,EUR,2025-04-09,2025-04-24,
INV-0000980,CUST-00006,2145.71,EUR,2025-12-16,2026-01-19,
INV-0000981,CUST-00026,4986.48,EUR,2025-11-18,2025-12-04,
INV-0000982,CUST-00077,1326.54,EUR,2025-02-04,2025-02-16,
INV-0000983,CUST-00050,2804.00,EUR,2025-10-10,2025-11-06,
INV-0000984,CUST-00036,2622.46,EUR,2025-01-07,2025-02-20,
INV-0000985,CUST-00067,3919.34,EUR,2025-02-27,2025-04-01,
INV-0000986,CUST-00020,783.59,EUR,2025-10-29,2025-12-12,
INV-0000987,CUST-00098,4825.92,EUR,2025-02-21,2025-03-06,
INV-0000988,CUST-00073,3908.75,EUR,2025-05-27,2025-07-07,
INV-0000989,CUST-00045,4395.57,EUR,2025-05-16,2025-06-16,
INV-0000990,CUST-00084,2453.64,EUR,2025-11-08,2025-12-15,
INV-0000991,CUST-00005,902.39,EUR,2025-07-26,2025-08-11,
INV-0000992,CUST-00080,3062.84,EUR,2025-12-22,2026-01-23,
INV-0000993,CUST-00005,2009.17,EUR,2025-06-19,2025-07-11,
INV-0000994,CUST-00007,3741.46,EUR,2025-05-18,2025-06-17,
INV-0000995,CUST-00003,1722.44,EUR,2025-06-05,2025-07-01,
INV-0000996,CUST-00036,4222.09,EUR,2025-12-23,2026-01-05,
INV-0000997,CUST-00030,715.21,EUR,2025-08-15,2025-09-11,
INV-0000998,CUST-00035,3657.56,EUR,2025-11-06,2025-11-18,
INV-0000999,CUST-00025,2236.50,EUR,2025-07-28,2025-09-04,
INV-0001000,CUST-00098,2606.68,EUR,2025-07-11,2025-07-21,
