payment_id,invoice_id,customer_id,amount_paid,currency,payment_date,reference
PAY-00000038,INV-0000039,CUST-00001,3014.78,EUR,2025-09-30,full-match
PAY-00000610,INV-0000628,CUST-00005,2259.88,EUR,2026-01-04,full-match
PAY-00000077,INV-0000080,CUST-00010,2711.29,EUR,2025-10-11,full-match
PAY-00000337,INV-0000347,CUST-00086,4708.59,EUR,2025-08-13,full-match
PAY-00000129,INV-0000133,CUST-00029,920.64,EUR,2026-02-04,full-match
PAY-00000192,INV-0000197,CUST-00037,4903.53,EUR,2025-05-20,full-match
PAY-00000001,INV-0000001,CUST-00082,601.09,EUR,2025-06-12,full-match
PAY-00000349,INV-0000360,CUST-00093,1655.70,EUR,2025-12-14,full-match
PAY-00000019,INV-0000020,CUST-00021,818.42,EUR,2025-07-02,partial
PAY-00001039,INV-X-0000677,CUST-00044,6457.51,EUR,2025-09-03,noise
PAY-00000157,INV-0000161,CUST-00045,1159.90,EUR,2025-02-19,full-match
PAY-00000603,INV-0000622,CUST-00097,162.54,EUR,2025-07-03,full-match
PAY-00000048,INV-0000050,CUST-00001,401.42,EUR,2025-12-05,full-match
PAY-00000331,INV-0000341,CUST-00094,520.67,EUR,2025-09-01,full-match
PAY-00001100,INV-X-0001162,CUST-00044,3820.80,EUR,2025-05-01,noise
PAY-00000542,INV-0000558,CUST-00049,1603.08,EUR,2025-05-05,full-match
PAY-00000574,INV-0000595,CUST-00084,1829.78,EUR,2025-05-17,full-match
PAY-00000995,INV-X-0000350,CUST-00043,3967.13,EUR,2025-12-04,noise
PAY-00000330,INV-0000340,CUST-00044,4145.73,EUR,2025-09-06,full-match
PAY-00000978,INV-X-0000081,CUST-00072,2724.04,EUR,2026-01-27,noise
PAY-00000011,INV-0000012,CUST-00071,1501.23,EUR,2025-12-20,full-match
PAY-00001185,INV-X-0001345,CUST-00028,6654.41,EUR,2025-11-23,noise
PAY-00000554,INV-0000572,CUST-00029,3207.83,EUR,2025-02-12,full-match
PAY-00000473,INV-0000489,CUST-00088,4839.43,EUR,2025-07-28,full-match
PAY-00000390,INV-0000403,CUST-00067,3068.54,EUR,2025-08-09,full-match
PAY-00001167,INV-X-0000618,CUST-00061,5228.13,EUR,2026-01-21,noise
PAY-00000172,INV-0000177,CUST-00079,4050.59,EUR,2025-11-09,full-match
PAY-00000612,INV-0000630,CUST-00030,2721.81,EUR,2025-02-14,full-match
PAY-00000406,INV-0000418,CUST-00099,2721.87,EUR,2025-10-21,full-match
PAY-00000868,INV-0000896,CUST-00026,4127.18,EUR,2025-08-08,full-match
PAY-00000817,INV-0000844,CUST-00059,3080.87,EUR,2025-03-02,full-match
PAY-00000602,INV-0000621,CUST-00017,3652.90,EUR,2025-05-11,full-match
PAY-00000217,INV-0000224,CUST-00090,725.51,EUR,2025-07-03,partial
PAY-00000674,INV-0000690,CUST-00073,4181.52,EUR,2025-08-29,full-match
PAY-00000004,INV-0000004,CUST-00012,1396.64,EUR,2025-11-13,overpay
PAY-00001116,INV-X-0000828,CUST-00017,5970.49,EUR,2025-02-01,noise
PAY-00000318,INV-0000327,CUST-00096,364.61,EUR,2025-09-19,full-match
PAY-00000819,INV-0000846,CUST-00002,3554.11,EUR,2026-01-20,full-match
PAY-00001031,INV-X-0001638,CUST-00079,6992.93,EUR,2025-07-31,noise
PAY-00000793,INV-0000817,CUST-00041,1869.43,EUR,2025-06-19,full-match
PAY-00000724,INV-0000742,CUST-00015,4165.02,EUR,2025-04-08,full-match
PAY-00000867,INV-0000895,CUST-00002,355.26,EUR,2025-05-20,full-match
PAY-00000413,,CUST-00048,3407.62,EUR,2025-12-06,missing-invoice-id
PAY-00000890,INV-0000918,CUST-00074,1569.44,EUR,2025-08-30,partial
PAY-00000823,INV-0000851,CUST-00035,2643.08,EUR,2025-07-06,full-match
PAY-00001178,INV-X-0001206,CUST-00099,1380.58,EUR,2025-06-22,noise
PAY-00000985,INV-X-0001921,CUST-00090,3833.92,EUR,2025-07-21,noise
PAY-00000291,INV-0000297,CUST-00097,4834.18,EUR,2026-02-02,full-match
PAY-00000177,INV-0000182,CUST-00064,4262.22,EUR,2025-05-22,full-match
PAY-00000132,INV-0000136,CUST-00072,2997.49,EUR,2025-10-07,full-match
PAY-00000105,INV-0000108,CUST-00043,4699.22,EUR,2025-04-04,full-match
PAY-00000539,INV-0000555,CUST-00100,3076.82,EUR,2025-09-10,full-match
PAY-00000558,INV-0000577,CUST-00037,4496.87,EUR,2025-04-11,overpay
PAY-00000495,INV-0000511,CUST-00004,618.29,EUR,2026-01-24,overpay
PAY-00000725,INV-0000743,CUST-00040,1748.18,EUR,2025-06-14,full-match
PAY-00000963,INV-0000998,CUST-00035,3657.56,EUR,2025-11-17,full-match
PAY-00000479,INV-0000495,CUST-00071,692.37,EUR,2025-03-08,full-match
PAY-00000414,INV-0000426,CUST-00060,3858.72,EUR,2025-09-11,full-match
PAY-00000846,INV-0000874,CUST-00008,4864.17,EUR,2025-04-11,full-match
PAY-00000240,INV-0000248,CUST-00032,2311.09,EUR,2025-05-04,full-match
PAY-00000859,INV-0000886,CUST-00099,1077.80,EUR,2025-07-30,full-match
PAY-00000419,INV-0000431,CUST-00037,465.18,EUR,2025-04-24,full-match
PAY-00000889,INV-0000917,CUST-00069,4090.61,EUR,2025-02-17,duplicate
PAY-00001023,INV-X-0001239,CUST-00091,2024.57,EUR,2025-11-08,noise
PAY-00000096,INV-0000099,CUST-00031,4329.80,EUR,2025-05-05,duplicate
PAY-00001007,INV-X-0001691,CUST-00027,361.45,EUR,2025-03-17,noise
PAY-00000652,INV-0000668,CUST-00009,3550.49,EUR,2025-01-22,duplicate
PAY-00001051,INV-X-0001771,CUST-00097,2171.80,EUR,2025-06-11,noise
PAY-00000730,INV-0000749,CUST-00023,3727.52,EUR,2025-07-29,overpay
PAY-00000719,INV-0000737,CUST-00029,1827.63,EUR,2025-11-06,partial
PAY-00000907,INV-0000935,CUST-00029,3344.38,EUR,2025-05-17,full-match
PAY-00000729,,CUST-00087,4010.25,EUR,2025-06-17,missing-invoice-id
PAY-00000769,INV-0000793,CUST-00019,2908.26,EUR,2025-06-29,full-match
PAY-00000764,INV-0000787,CUST-00077,2716.90,EUR,2025-07-11,full-match
PAY-00000357,INV-0000369,CUST-00001,1061.89,EUR,2025-05-20,full-match
PAY-00000154,,CUST-00097,4758.46,EUR,2025-08-22,missing-invoice-id
PAY-00000986,INV-X-0000847,CUST-00042,3167.18,EUR,2025-04-02,noise
PAY-00000216,INV-0000223,CUST-00037,2223.81,EUR,2025-09-21,full-match
PAY-00001006,INV-X-0000570,CUST-00080,4407.88,EUR,2026-02-24,noise
PAY-00001086,INV-X-0001320,CUST-00091,5370.12,EUR,2025-08-29,noise
PAY-00001054,INV-X-0000443,CUST-00068,2130.18,EUR,2025-02-27,noise
PAY-00000461,INV-0000477,CUST-00078,3406.54,EUR,2025-08-22,full-match
PAY-00000037,INV-0000038,CUST-00048,3824.43,EUR,2025-11-25,duplicate
PAY-00000378,INV-0000390,CUST-00088,4624.56,EUR,2025-12-02,duplicate
PAY-00000522,INV-0000538,CUST-00044,2811.27,EUR,2025-07-28,full-match
PAY-00000940,INV-0000971,CUST-00011,3357.30,EUR,2025-11-18,full-match
PAY-00000082,INV-0000085,CUST-00085,562.75,EUR,2025-04-17,full-match
PAY-00000178,INV-0000183,CUST-00028,1806.38,EUR,2025-06-18,full-match
PAY-00000974,INV-X-0001076,CUST-00083,6132.97,EUR,2026-02-07,noise
PAY-00000596,INV-0000615,CUST-00005,1471.10,EUR,2025-04-20,full-match
PAY-00001008,INV-X-0000113,CUST-00084,2456.16,EUR,2025-03-16,noise
PAY-00001194,INV-X-0001599,CUST-00010,1955.47,EUR,2025-02-01,noise
PAY-00000133,INV-0000137,CUST-00055,4161.32,EUR,2025-11-10,full-match
PAY-00000135,INV-0000139,CUST-00034,3771.30,EUR,2025-12-20,full-match
PAY-00000775,INV-0000799,CUST-00069,2018.69,EUR,2025-09-03,full-match
PAY-00001154,INV-X-0000517,CUST-00017,4318.27,EUR,2025-05-21,noise
PAY-00000527,INV-0000542,CUST-00066,741.92,EUR,2025-12-17,duplicate
PAY-00000138,INV-0000141,CUST-00036,2227.37,EUR,2026-02-03,full-match
PAY-00001192,INV-X-0001576,CUST-00055,4851.71,EUR,2025-12-08,noise
PAY-00000027,INV-0000028,CUST-00066,2812.79,EUR,2025-02-22,overpay
PAY-00001158,INV-X-0000360,CUST-00034,5482.04,EUR,2025-05-01,noise
PAY-00000569,INV-0000589,CUST-00079,4287.93,EUR,2025-09-05,full-match
PAY-00000448,INV-0000464,CUST-00037,1817.02,EUR,2025-03-05,full-match
PAY-00000232,INV-0000239,CUST-00047,3132.04,EUR,2025-10-27,full-match
PAY-00000104,INV-0000106,CUST-00036,4328.55,EUR,2025-06-25,duplicate
PAY-00001119,INV-X-0000225,CUST-00037,6062.44,EUR,2025-05-01,noise
PAY-00000339,INV-0000349,CUST-00095,2561.69,EUR,2025-05-16,suspicious-customer-mismatch
PAY-00001166,INV-X-0000108,CUST-00022,3258.82,EUR,2025-09-01,noise
PAY-00000857,INV-0000884,CUST-00020,573.01,EUR,2025-09-29,full-match
PAY-00001123,INV-X-0000973,CUST-00018,1333.82,EUR,2025-07-16,noise
PAY-00000880,INV-0000909,CUST-00081,4970.73,EUR,2025-10-29,full-match
PAY-00000409,INV-0000421,CUST-00089,3866.93,EUR,2025-05-13,full-match
PAY-00000563,INV-0000583,CUST-00059,4946.04,EUR,2025-11-24,full-match
PAY-00000696,INV-0000713,CUST-00047,1295.91,EUR,2025-06-09,full-match
PAY-00000137,INV-0000140,CUST-00099,3899.49,EUR,2025-09-29,duplicate
PAY-00000550,INV-0000567,CUST-00037,4778.80,EUR,2025-03-23,full-match
PAY-00001144,INV-X-0001851,CUST-00044,3754.53,EUR,2025-01-06,noise
PAY-00000529,INV-0000545,CUST-00063,3558.26,EUR,2025-07-16,full-match
PAY-00000604,INV-0000623,CUST-00087,3609.52,EUR,2025-09-17,full-match
PAY-00001003,INV-X-0000488,CUST-00028,4130.26,EUR,2025-09-01,noise
PAY-00000737,INV-0000759,CUST-00076,615.45,EUR,2025-08-17,full-match
PAY-00000159,INV-0000164,CUST-00061,3363.82,EUR,2025-11-23,full-match
PAY-00000327,INV-0000337,CUST-00056,540.93,EUR,2026-01-20,full-match
PAY-00000693,INV-0000709,CUST-00032,2881.20,EUR,2025-05-04,duplicate
PAY-00000085,INV-0000089,CUST-00063,1293.05,EUR,2025-02-27,full-match
PAY-00000774,INV-0000798,CUST-00082,3337.51,EUR,2025-07-09,full-match
PAY-00000262,INV-0000270,CUST-00098,3187.05,EUR,2025-04-13,full-match
PAY-00000770,INV-0000794,CUST-00049,2287.36,EUR,2025-12-06,full-match
PAY-00001047,INV-X-0001877,CUST-00046,482.17,EUR,2025-03-18,noise
PAY-00000281,INV-0000288,CUST-00080,1290.60,EUR,2026-01-08,full-match
PAY-00000275,INV-0000282,CUST-00050,4274.01,EUR,2025-04-03,full-match
PAY-00000510,INV-0000525,CUST-00074,3619.59,EUR,2025-05-09,full-match
PAY-00000734,INV-0000754,CUST-00091,628.76,EUR,2025-06-04,partial
PAY-00000681,INV-0000698,CUST-00085,1931.36,EUR,2025-12-08,full-match
PAY-00000384,INV-0000397,CUST-00075,2793.87,EUR,2025-03-03,full-match
PAY-00000261,INV-0000269,CUST-00030,3746.49,EUR,2025-09-06,full-match
PAY-00000794,INV-0000818,CUST-00049,3878.63,EUR,2025-03-23,full-match
PAY-00000626,INV-0000645,CUST-00035,1916.98,EUR,2026-01-02,full-match
PAY-00001087,INV-X-0000475,CUST-00029,1023.18,EUR,2025-11-12,noise
PAY-00000640,INV-0000658,CUST-00034,2788.89,EUR,2025-12-22,full-match
PAY-00000919,INV-0000948,CUST-00049,552.07,EUR,2025-10-26,full-match
PAY-00000432,INV-0000446,CUST-00069,131.35,EUR,2025-11-13,full-match
PAY-00000937,INV-0000968,CUST-00049,1878.54,EUR,2025-08-25,full-match
PAY-00001073,INV-X-0001126,CUST-00041,1911.94,EUR,2025-12-27,noise
PAY-00000965,INV-0001000,CUST-00098,2606.68,EUR,2025-08-09,full-match
PAY-00001138,INV-X-0000164,CUST-00019,5116.69,EUR,2025-09-27,noise
PAY-00000900,INV-0000928,CUST-00003,781.17,EUR,2026-01-19,full-match
PAY-00000333,INV-0000343,CUST-00009,501.56,EUR,2025-02-20,full-match
PAY-00000647,INV-0000665,CUST-00070,4952.10,EUR,2025-03-27,duplicate
PAY-00000622,INV-0000641,CUST-00072,2092.75,EUR,2025-09-21,full-match
PAY-00000982,INV-X-0001883,CUST-00007,4835.87,EUR,2025-03-14,noise
PAY-00000753,INV-0000775,CUST-00037,882.63,EUR,2025-10-01,full-match
PAY-00000941,,CUST-00097,2969.15,EUR,2025-10-29,missing-invoice-id
PAY-00000012,INV-0000013,CUST-00074,1001.83,EUR,2025-02-28,full-match
PAY-00000163,INV-0000168,CUST-00074,3402.87,EUR,2025-08-20,full-match
PAY-00001182,INV-X-0001404,CUST-00058,2473.58,EUR,2026-01-07,noise
PAY-00000016,INV-0000017,CUST-00048,1233.81,EUR,2026-01-07,partial
PAY-00000700,INV-0000717,CUST-00043,2181.55,EUR,2026-01-26,full-match
PAY-00000451,INV-0000467,CUST-00024,2506.21,EUR,2025-10-29,full-match
PAY-00000557,INV-0000575,CUST-00021,2064.19,EUR,2025-10-13,full-match
PAY-00000845,INV-0000873,CUST-00068,3803.64,EUR,2025-09-08,partial
PAY-00000670,INV-0000685,CUST-00061,1391.92,EUR,2025-03-19,full-match
PAY-00000815,INV-0000841,CUST-00042,1984.12,EUR,2025-12-08,full-match
PAY-00001148,INV-X-0001424,CUST-00077,5250.99,EUR,2026-01-08,noise
PAY-00000421,INV-0000433,CUST-00012,4734.75,EUR,2025-06-18,full-match
PAY-00000515,INV-0000530,CUST-00064,3007.72,EUR,2026-01-19,full-match
PAY-00000359,INV-0000371,CUST-00001,2512.06,EUR,2025-08-26,full-match
PAY-00000449,INV-0000465,CUST-00035,666.15,EUR,2025-08-12,full-match
PAY-00000481,INV-0000497,CUST-00053,3857.36,EUR,2025-11-02,full-match
PAY-00001184,INV-X-0001269,CUST-00012,417.04,EUR,2025-11-01,noise
PAY-00000122,INV-0000126,CUST-00012,4101.20,EUR,2025-05-23,duplicate
PAY-00000121,INV-0000126,CUST-00012,4101.20,EUR,2025-05-23,duplicate
PAY-00000147,INV-0000151,CUST-00029,2466.74,EUR,2025-06-26,full-match
PAY-00000910,INV-0000938,CUST-00051,4261.25,EUR,2025-11-11,full-match
PAY-00000784,INV-0000808,CUST-00084,1834.16,EUR,2025-03-13,full-match
PAY-00000835,INV-0000864,CUST-00060,4336.86,EUR,2025-07-05,full-match
PAY-00000641,INV-0000659,CUST-00093,2117.01,EUR,2025-04-27,full-match
PAY-00000173,INV-0000178,CUST-00060,2206.09,EUR,2025-12-13,full-match
PAY-00000407,INV-0000419,CUST-00085,1716.98,EUR,2025-11-25,full-match
PAY-00000029,INV-0000030,CUST-00077,364.46,EUR,2025-09-06,full-match
PAY-00000723,INV-0000741,CUST-00062,794.12,EUR,2025-08-22,overpay
PAY-00000905,INV-0000933,CUST-00084,1620.55,EUR,2026-02-05,full-match
PAY-00000444,INV-0000460,CUST-00092,3892.14,EUR,2025-09-07,full-match
PAY-00000782,INV-0000806,CUST-00089,4551.57,EUR,2025-12-23,full-match
PAY-00000202,INV-0000208,CUST-00098,2546.49,EUR,2025-12-03,overpay
PAY-00000212,INV-0000219,CUST-00085,5421.51,EUR,2025-05-21,overpay
PAY-00000615,INV-0000633,CUST-00031,1543.73,EUR,2025-04-24,full-match
PAY-00000398,INV-0000411,CUST-00072,1914.56,EUR,2025-07-13,full-match
PAY-00000229,INV-0000237,CUST-00066,4133.39,EUR,2025-02-26,full-match
PAY-00000732,INV-0000752,CUST-00051,194.50,EUR,2025-11-26,full-match
PAY-00000841,INV-0000870,CUST-00070,1246.84,EUR,2026-01-18,partial
PAY-00000235,INV-0000243,CUST-00031,3563.42,EUR,2025-08-08,full-match
PAY-00000865,INV-0000893,CUST-00072,3752.99,EUR,2025-06-03,full-match
PAY-00000387,INV-0000400,CUST-00014,4064.29,EUR,2025-07-04,full-match
PAY-00000118,INV-0000122,CUST-00075,3052.97,EUR,2025-08-01,full-match
PAY-00000402,INV-0000415,CUST-00028,1741.58,EUR,2025-09-28,full-match
PAY-00000624,INV-0000643,CUST-00027,1684.80,EUR,2025-04-04,full-match
PAY-00001153,INV-X-0001036,CUST-00010,5963.09,EUR,2025-05-23,noise
PAY-00000361,INV-0000373,CUST-00065,2815.68,EUR,2026-01-22,full-match
PAY-00001012,INV-X-0001377,CUST-00037,4285.41,EUR,2025-12-21,noise
PAY-00000745,INV-0000767,CUST-00022,3103.65,EUR,2025-04-07,overpay
PAY-00000111,INV-0000115,CUST-00047,2184.92,EUR,2026-01-06,full-match
PAY-00000458,INV-0000474,CUST-00036,3215.37,EUR,2025-02-23,full-match
PAY-00001037,INV-X-0000700,CUST-00051,5076.29,EUR,2025-11-12,noise
PAY-00000635,INV-0000654,CUST-00034,1830.24,EUR,2025-10-13,full-match
PAY-00000586,INV-0000606,CUST-00069,791.77,EUR,2025-08-12,full-match
PAY-00000531,INV-0000547,CUST-00054,2502.78,EUR,2026-01-03,partial
PAY-00000833,INV-0000861,CUST-00010,2879.10,EUR,2025-04-24,full-match
PAY-00000983,INV-X-0000950,CUST-00083,3172.85,EUR,2026-01-05,noise
PAY-00000705,INV-0000722,CUST-00036,4091.65,EUR,2025-08-22,full-match
PAY-00000374,INV-0000386,CUST-00031,558.88,EUR,2025-06-02,full-match
PAY-00000250,INV-0000259,CUST-00050,4942.65,EUR,2025-12-28,duplicate
PAY-00000706,INV-0000723,CUST-00015,4663.73,EUR,2025-06-16,full-match
PAY-00000223,INV-0000231,CUST-00075,1073.90,EUR,2025-09-24,partial
PAY-00000518,INV-0000533,CUST-00047,195.89,EUR,2025-03-27,partial
PAY-00001139,INV-X-0001760,CUST-00097,5456.51,EUR,2025-08-27,noise
PAY-00000849,INV-0000877,CUST-00096,645.52,EUR,2025-04-03,overpay
PAY-00000278,INV-0000285,CUST-00036,90.08,EUR,2026-01-17,full-match
PAY-00000127,INV-0000131,CUST-00052,1257.72,EUR,2025-12-13,full-match
PAY-00000255,INV-0000263,CUST-00093,519.71,EUR,2026-01-03,partial
PAY-00000134,INV-0000138,CUST-00021,4567.63,EUR,2025-10-20,overpay
PAY-00000741,INV-0000763,CUST-00024,1897.87,EUR,2025-04-23,duplicate
PAY-00000170,INV-0000175,CUST-00047,3196.15,EUR,2025-09-22,full-match
PAY-00000020,INV-0000021,CUST-00029,3438.84,EUR,2025-03-07,full-match
PAY-00001067,INV-X-0001554,CUST-00040,4479.18,EUR,2025-04-18,noise
PAY-00000633,INV-0000651,CUST-00090,3041.79,EUR,2025-05-23,full-match
PAY-00000511,INV-0000526,CUST-00064,4980.05,EUR,2025-10-21,full-match
PAY-00000743,INV-0000765,CUST-00050,2144.04,EUR,2025-10-26,full-match
PAY-00001048,INV-X-0000575,CUST-00004,2387.28,EUR,2025-07-12,noise
PAY-00000931,INV-0000962,CUST-00012,1508.02,EUR,2026-02-03,full-match
PAY-00001112,INV-X-0000916,CUST-00026,1455.52,EUR,2025-06-12,noise
PAY-00000507,INV-0000523,CUST-00007,1486.55,EUR,2025-08-21,full-match
PAY-00000521,INV-0000537,CUST-00017,4876.66,EUR,2025-08-31,full-match
PAY-00000098,INV-0000101,CUST-00086,4327.12,EUR,2025-06-03,full-match
PAY-00000885,INV-0000914,CUST-00100,1440.62,EUR,2025-10-11,full-match
PAY-00000587,INV-0000607,CUST-00057,625.39,EUR,2025-05-25,full-match
PAY-00000813,INV-0000839,CUST-00036,463.81,EUR,2025-03-21,full-match
PAY-00000443,INV-0000459,CUST-00081,952.28,EUR,2025-03-29,full-match
PAY-00001009,INV-X-0001749,CUST-00005,4675.64,EUR,2025-11-05,noise
PAY-00000564,,CUST-00064,4451.84,EUR,2025-04-13,missing-invoice-id
PAY-00001063,INV-X-0000238,CUST-00001,2190.65,EUR,2025-01-23,noise
PAY-00000289,INV-0000295,CUST-00062,3161.23,EUR,2025-07-18,partial
PAY-00000616,INV-0000634,CUST-00029,2097.12,EUR,2025-06-13,full-match
PAY-00000783,INV-0000807,CUST-00021,4378.40,EUR,2025-05-30,full-match
PAY-00000346,INV-0000357,CUST-00095,3184.20,EUR,2025-02-06,full-match
PAY-00000242,INV-0000250,CUST-00009,1417.42,EUR,2025-09-03,full-match
PAY-00000317,INV-0000326,CUST-00017,3721.50,EUR,2025-10-27,full-match
PAY-00001133,INV-X-0001239,CUST-00001,4054.01,EUR,2026-01-10,noise
PAY-00000532,INV-0000548,CUST-00077,2399.22,EUR,2026-01-26,full-match
PAY-00000806,INV-0000832,CUST-00041,703.32,EUR,2025-12-03,full-match
PAY-00001011,INV-X-0000224,CUST-00054,6956.27,EUR,2025-03-24,noise
PAY-00000032,INV-0000033,CUST-00097,1370.78,EUR,2026-01-08,full-match
PAY-00000909,INV-0000937,CUST-00023,3657.71,EUR,2026-02-05,full-match
PAY-00000320,INV-0000330,CUST-00039,2317.31,EUR,2025-01-22,full-match
PAY-00000197,INV-0000202,CUST-00002,2891.62,EUR,2025-10-10,full-match
PAY-00001110,INV-X-0001551,CUST-00019,4632.95,EUR,2025-08-20,noise
PAY-00000321,INV-0000331,CUST-00062,4244.13,EUR,2025-08-25,full-match
PAY-00000541,INV-0000557,CUST-00042,4990.71,EUR,2025-10-29,full-match
PAY-00000944,INV-0000978,CUST-00016,4748.81,EUR,2025-09-23,full-match
PAY-00001078,INV-X-0000111,CUST-00012,2996.73,EUR,2025-04-02,noise
PAY-00000494,INV-0000510,CUST-00044,4220.52,EUR,2025-11-07,full-match
PAY-00000671,INV-0000687,CUST-00041,127.51,EUR,2025-06-02,full-match
PAY-00000500,INV-0000516,CUST-00039,2295.04,EUR,2025-12-30,full-match
PAY-00000400,INV-0000413,CUST-00012,1756.68,EUR,2025-09-11,partial
PAY-00000256,INV-0000264,CUST-00010,2373.98,EUR,2025-06-30,full-match
PAY-00000323,INV-0000334,CUST-00017,1411.33,EUR,2026-01-16,full-match
PAY-00000618,INV-0000636,CUST-00072,1909.69,EUR,2025-08-08,partial
PAY-00000063,INV-0000066,CUST-00034,3280.76,EUR,2025-09-27,partial
PAY-00000207,INV-0000214,CUST-00071,584.76,EUR,2025-02-19,overpay
PAY-00000363,INV-0000375,CUST-00094,2325.78,EUR,2025-03-23,suspicious-customer-mismatch
PAY-00001145,INV-X-0000961,CUST-00059,3598.39,EUR,2025-08-29,noise
PAY-00000102,INV-0000105,CUST-00004,3317.16,EUR,2025-08-18,full-match
PAY-00000669,INV-0000684,CUST-00006,1187.34,EUR,2026-02-16,full-match
PAY-00000372,INV-0000385,CUST-00094,4793.21,EUR,2025-12-12,duplicate
PAY-00000087,INV-0000091,CUST-00001,1701.10,EUR,2025-04-20,full-match
PAY-00001015,INV-X-0001908,CUST-00005,670.02,EUR,2025-06-03,noise
PAY-00000206,INV-0000213,CUST-00085,451.88,EUR,2025-05-18,full-match
PAY-00000571,INV-0000591,CUST-00024,1886.88,EUR,2025-10-03,partial
PAY-00000578,INV-0000599,CUST-00079,1143.20,EUR,2025-04-17,full-match
PAY-00000938,INV-0000969,CUST-00034,2226.72,EUR,2025-06-21,full-match
PAY-00000822,INV-0000849,CUST-00048,678.31,EUR,2025-06-13,full-match
PAY-00000530,INV-0000546,CUST-00003,1873.37,EUR,2025-12-21,full-match
PAY-00000225,INV-0000233,CUST-00086,567.77,EUR,2025-04-28,full-match
PAY-00000203,INV-0000209,CUST-00100,2636.73,EUR,2025-09-21,full-match
PAY-00001004,INV-X-0000930,CUST-00053,3104.29,EUR,2025-11-04,noise
PAY-00000252,INV-0000260,CUST-00064,4825.88,EUR,2025-05-01,duplicate
PAY-00000803,INV-0000829,CUST-00083,320.12,EUR,2025-06-21,full-match
PAY-00000092,INV-0000096,CUST-00040,1855.03,EUR,2025-03-09,full-match
PAY-00000656,INV-0000672,CUST-00093,1409.97,EUR,2025-06-19,full-match
PAY-00000332,INV-0000342,CUST-00086,1311.70,EUR,2025-05-15,full-match
PAY-00000653,INV-0000669,CUST-00065,2307.25,EUR,2025-03-14,full-match
PAY-00000440,INV-0000455,CUST-00031,3678.06,EUR,2025-12-14,full-match
PAY-00000220,INV-0000228,CUST-00076,4756.39,EUR,2026-01-02,full-match
PAY-00001077,INV-X-0000965,CUST-00087,372.18,EUR,2025-07-16,noise
PAY-00000319,,CUST-00066,2988.65,EUR,2025-10-12,missing-invoice-id
PAY-00000993,INV-X-0001621,CUST-00066,4292.27,EUR,2025-03-23,noise
PAY-00000623,INV-0000642,CUST-00068,713.76,EUR,2025-06-12,full-match
PAY-00000605,INV-0000624,CUST-00049,4125.63,EUR,2025-06-10,full-match
PAY-00000860,INV-0000887,CUST-00034,4269.79,EUR,2025-03-01,full-match
PAY-00000976,INV-X-0001694,CUST-00006,6146.90,EUR,2025-05-06,noise
PAY-00000146,INV-0000150,CUST-00069,947.05,EUR,2025-12-09,partial
PAY-00000198,INV-0000204,CUST-00062,614.73,EUR,2025-03-09,full-match
PAY-00001027,INV-X-0001020,CUST-00064,5659.70,EUR,2025-11-09,noise
PAY-00000896,INV-0000924,CUST-00012,114.26,EUR,2025-12-08,partial
PAY-00000570,INV-0000590,CUST-00066,1673.24,EUR,2025-08-02,full-match
PAY-00000663,INV-0000678,CUST-00073,831.84,EUR,2026-01-31,partial
PAY-00000021,INV-0000022,CUST-00005,4034.98,EUR,2025-09-02,full-match
PAY-00000902,INV-0000930,CUST-00010,1899.27,EUR,2026-01-10,full-match
PAY-00000924,INV-0000953,CUST-00094,421.26,EUR,2025-03-13,full-match
PAY-00001120,INV-X-0000885,CUST-00090,4139.34,EUR,2025-11-17,noise
PAY-00000895,INV-0000923,CUST-00070,1579.81,EUR,2025-09-19,full-match
PAY-00000804,INV-0000830,CUST-00050,608.08,EUR,2025-11-10,full-match
PAY-00000658,INV-0000674,CUST-00023,799.20,EUR,2025-04-18,overpay
PAY-00000609,INV-0000627,CUST-00031,1070.10,EUR,2025-04-09,full-match
PAY-00000239,INV-0000247,CUST-00091,1920.71,EUR,2025-10-29,overpay
PAY-00000367,INV-0000379,CUST-00089,4602.86,EUR,2025-04-04,full-match
PAY-00001052,INV-X-0001454,CUST-00005,1915.05,EUR,2025-02-14,noise
PAY-00001143,INV-X-0001105,CUST-00075,2201.25,EUR,2025-01-28,noise
PAY-00000209,INV-0000216,CUST-00005,1195.81,EUR,2026-02-06,full-match
PAY-00000953,INV-0000988,CUST-00073,3908.75,EUR,2025-07-26,full-match
PAY-00001103,INV-X-0000235,CUST-00076,4180.61,EUR,2025-06-16,noise
PAY-00000977,INV-X-0001063,CUST-00069,2781.37,EUR,2026-01-12,noise
PAY-00000744,INV-0000766,CUST-00089,4599.85,EUR,2025-05-11,full-match
PAY-00000195,INV-0000200,CUST-00007,2789.13,EUR,2026-01-08,duplicate
PAY-00000182,INV-0000187,CUST-00098,1239.60,EUR,2025-10-27,full-match
PAY-00001058,INV-X-0001892,CUST-00062,5132.44,EUR,2025-09-26,noise
PAY-00000055,INV-0000059,CUST-00032,998.37,EUR,2025-11-18,full-match
PAY-00000614,INV-0000632,CUST-00041,2908.50,EUR,2026-01-14,full-match
PAY-00000677,INV-0000693,CUST-00013,2213.59,EUR,2025-03-17,duplicate
PAY-00000302,INV-0000310,CUST-00084,540.16,EUR,2025-10-27,full-match
PAY-00000188,INV-0000193,CUST-00033,640.07,EUR,2025-05-22,partial
PAY-00000929,INV-0000960,CUST-00007,1994.87,EUR,2025-12-04,full-match
PAY-00000348,INV-0000359,CUST-00059,1737.44,EUR,2025-08-11,full-match
PAY-00000110,INV-0000114,CUST-00069,3449.94,EUR,2026-01-18,full-match
PAY-00001076,INV-X-0001108,CUST-00057,374.07,EUR,2025-01-15,noise
PAY-00000537,INV-0000552,CUST-00074,4743.62,EUR,2025-03-12,full-match
PAY-00000276,INV-0000283,CUST-00049,2320.34,EUR,2025-12-04,partial
PAY-00001124,INV-X-0001728,CUST-00047,5882.94,EUR,2025-03-20,noise
PAY-00000956,INV-0000992,CUST-00080,3062.84,EUR,2026-01-25,full-match
PAY-00000099,INV-0000102,CUST-00021,3947.50,EUR,2025-04-03,full-match
PAY-00000893,INV-0000921,CUST-00091,3517.78,EUR,2025-12-17,full-match
PAY-00000271,INV-0000279,CUST-00087,2755.66,EUR,2025-03-31,duplicate
PAY-00001183,INV-X-0000581,CUST-00033,1367.70,EUR,2025-01-13,noise
PAY-00000523,INV-0000539,CUST-00026,3835.44,EUR,2025-09-18,overpay
PAY-00000051,INV-0000054,CUST-00061,1252.84,EUR,2025-10-11,full-match
PAY-00000879,INV-0000908,CUST-00054,1037.32,EUR,2025-10-24,full-match
PAY-00001059,INV-X-0000636,CUST-00100,2304.82,EUR,2026-01-29,noise
PAY-00000259,INV-0000267,CUST-00041,3152.66,EUR,2025-11-04,full-match
PAY-00000124,INV-0000128,CUST-00006,1261.97,EUR,2025-09-10,full-match
PAY-00000850,INV-0000878,CUST-00018,3204.22,EUR,2025-08-09,full-match
PAY-00000257,INV-0000265,CUST-00080,3478.89,EUR,2025-12-11,full-match
PAY-00000949,INV-0000983,CUST-00050,2804.00,EUR,2025-11-24,full-match
PAY-00000459,INV-0000475,CUST-00086,3205.69,EUR,2025-08-29,full-match
PAY-00000418,INV-0000430,CUST-00014,3571.43,EUR,2025-10-17,full-match
PAY-00000947,INV-0000980,CUST-00006,2145.71,EUR,2026-01-18,duplicate
PAY-00000916,INV-0000944,CUST-00089,385.58,EUR,2025-06-03,full-match
PAY-00000882,INV-0000911,CUST-00070,3918.10,EUR,2025-08-14,full-match
PAY-00000047,INV-0000049,CUST-00076,3715.55,EUR,2025-12-03,overpay
PAY-00000405,,CUST-00038,4229.92,EUR,2025-04-02,missing-invoice-id
PAY-00000964,INV-0000999,CUST-00025,2236.50,EUR,2025-09-06,full-match
PAY-00000673,INV-0000689,CUST-00010,1531.42,EUR,2025-11-06,full-match
PAY-00000611,INV-0000629,CUST-00032,3715.68,EUR,2025-08-29,full-match
PAY-00001104,INV-X-0001137,CUST-00013,5757.72,EUR,2025-04-01,noise
PAY-00000874,INV-0000902,CUST-00004,1944.51,EUR,2025-08-27,full-match
PAY-00000106,INV-0000109,CUST-00023,2923.92,EUR,2025-05-30,full-match
PAY-00000644,INV-0000662,CUST-00033,1963.52,EUR,2025-10-13,partial
PAY-00000064,INV-0000067,CUST-00055,1147.90,EUR,2025-12-05,partial
PAY-00000462,INV-0000478,CUST-00017,382.81,EUR,2025-12-27,full-match
PAY-00000887,INV-0000916,CUST-00013,1276.89,EUR,2025-06-15,full-match
PAY-00000342,INV-0000352,CUST-00029,916.44,EUR,2025-11-23,partial
PAY-00000468,INV-0000485,CUST-00072,632.92,EUR,2025-06-18,duplicate
PAY-00001165,INV-X-0001316,CUST-00034,5293.28,EUR,2025-03-01,noise
PAY-00000707,,CUST-00070,940.64,EUR,2025-11-06,missing-invoice-id
PAY-00000660,INV-0000676,CUST-00033,4085.31,EUR,2025-06-18,full-match
PAY-00000403,INV-0000416,CUST-00029,4999.88,EUR,2025-03-31,duplicate
PAY-00000992,INV-X-0000175,CUST-00068,4956.81,EUR,2026-01-08,noise
PAY-00000031,INV-0000032,CUST-00088,3617.57,EUR,2026-01-27,full-match
PAY-00000820,INV-0000847,CUST-00021,2507.24,EUR,2025-08-08,full-match
PAY-00000263,INV-0000271,CUST-00022,2342.03,EUR,2025-02-05,partial
PAY-00001074,INV-X-0001647,CUST-00037,4027.10,EUR,2025-03-29,noise
PAY-00000852,INV-0000880,CUST-00031,1493.80,EUR,2025-07-15,duplicate
PAY-00000762,INV-0000785,CUST-00022,3099.95,EUR,2025-05-15,full-match
PAY-00000870,INV-0000898,CUST-00009,1028.86,EUR,2026-01-02,full-match
PAY-00000711,INV-0000728,CUST-00031,1300.77,EUR,2025-04-20,full-match
PAY-00000577,INV-0000598,CUST-00089,631.21,EUR,2025-07-02,full-match
PAY-00001080,INV-X-0001713,CUST-00089,4901.57,EUR,2025-11-12,noise
PAY-00001041,INV-X-0000279,CUST-00062,1104.60,EUR,2025-08-24,noise
PAY-00000472,INV-0000488,CUST-00023,4498.46,EUR,2025-09-16,full-match
PAY-00000591,INV-0000610,CUST-00059,2841.36,EUR,2025-11-29,full-match
PAY-00000836,INV-0000865,CUST-00012,2787.80,EUR,2025-02-10,full-match
PAY-00001098,INV-X-0000136,CUST-00044,1473.50,EUR,2025-12-22,noise
PAY-00000041,INV-0000042,CUST-00011,3672.94,EUR,2025-03-21,full-match
PAY-00000067,INV-0000070,CUST-00008,298.20,EUR,2025-10-15,full-match
PAY-00000108,INV-0000112,CUST-00050,4502.55,EUR,2025-05-11,full-match
PAY-00001090,INV-X-0000929,CUST-00063,231.24,EUR,2025-09-01,noise
PAY-00000536,INV-0000551,CUST-00019,4117.22,EUR,2025-05-29,duplicate
PAY-00000780,INV-0000804,CUST-00016,4650.69,EUR,2025-04-30,full-match
PAY-00001075,INV-X-0000146,CUST-00040,4300.57,EUR,2025-06-23,noise
PAY-00000826,INV-0000855,CUST-00087,3627.75,EUR,2025-06-16,full-match
PAY-00000816,,CUST-00040,3508.45,EUR,2025-05-25,missing-invoice-id
PAY-00000066,INV-0000069,CUST-00075,3691.90,EUR,2025-03-06,full-match
PAY-00000442,INV-0000457,CUST-00006,1793.88,EUR,2025-07-18,full-match
PAY-00000061,INV-0000064,CUST-00024,2453.92,EUR,2025-05-26,suspicious-customer-mismatch
PAY-00000584,INV-0000604,CUST-00010,4590.36,EUR,2025-03-07,full-match
PAY-00000901,INV-0000929,CUST-00100,599.06,EUR,2025-11-12,full-match
PAY-00000156,INV-0000160,CUST-00011,2378.02,EUR,2025-10-30,duplicate
PAY-00000364,INV-0000376,CUST-00074,2174.96,EUR,2025-08-24,full-match
PAY-00000566,INV-0000586,CUST-00021,3669.04,EUR,2026-01-05,full-match
PAY-00000685,INV-0000702,CUST-00012,75.72,EUR,2025-07-24,full-match
PAY-00000645,INV-0000663,CUST-00059,882.76,EUR,2025-07-21,full-match
PAY-00001176,INV-X-0001341,CUST-00075,2750.25,EUR,2026-01-31,noise
PAY-00001028,INV-X-0000477,CUST-00091,2047.61,EUR,2025-04-10,noise
PAY-00000227,INV-0000235,CUST-00098,2772.98,EUR,2025-09-07,full-match
PAY-00001200,INV-X-0000218,CUST-00057,5013.49,EUR,2025-02-22,noise
PAY-00000747,INV-0000769,CUST-00046,4761.62,EUR,2025-10-08,full-match
PAY-00000911,INV-0000939,CUST-00024,3031.82,EUR,2025-12-08,full-match
PAY-00000746,INV-0000768,CUST-00041,4441.90,EUR,2025-11-20,overpay
PAY-00000179,INV-0000184,CUST-00036,4407.58,EUR,2026-01-16,full-match
PAY-00000246,INV-0000256,CUST-00025,4904.83,EUR,2025-06-14,full-match
PAY-00000009,INV-0000009,CUST-00014,199.45,EUR,2025-03-29,partial
PAY-00000559,INV-0000578,CUST-00030,3377.02,EUR,2025-02-24,overpay
PAY-00000718,INV-0000736,CUST-00056,574.43,EUR,2025-03-14,full-match
PAY-00000060,INV-0000063,CUST-00002,4846.53,EUR,2025-06-04,duplicate
PAY-00001125,INV-X-0000591,CUST-00086,896.33,EUR,2025-01-06,noise
PAY-00001195,INV-X-0000784,CUST-00050,2341.93,EUR,2025-01-31,noise
PAY-00000214,INV-0000221,CUST-00035,4141.82,EUR,2025-03-05,full-match
PAY-00000059,INV-0000063,CUST-00002,4846.53,EUR,2025-06-04,duplicate
PAY-00000411,INV-0000423,CUST-00057,3072.45,EUR,2025-09-04,full-match
PAY-00000388,,CUST-00065,3248.33,EUR,2025-02-17,missing-invoice-id
PAY-00000580,INV-0000601,CUST-00027,3524.61,EUR,2025-10-12,suspicious-customer-mismatch
PAY-00000731,INV-0000751,CUST-00081,452.01,EUR,2026-01-06,partial
PAY-00000365,INV-0000377,CUST-00038,620.11,EUR,2025-02-19,full-match
PAY-00000273,INV-0000280,CUST-00045,5538.46,EUR,2025-07-19,overpay
PAY-00000270,INV-0000278,CUST-00086,96.52,EUR,2025-09-20,full-match
PAY-00000441,INV-0000456,CUST-00099,2930.42,EUR,2025-07-02,full-match
PAY-00001082,INV-X-0001461,CUST-00098,4702.67,EUR,2025-10-01,noise
PAY-00000315,INV-0000325,CUST-00042,128.12,EUR,2025-06-10,duplicate
PAY-00001142,INV-X-0001360,CUST-00086,565.01,EUR,2025-11-21,noise
PAY-00000704,INV-0000721,CUST-00074,3920.77,EUR,2025-07-14,full-match
PAY-00000097,INV-0000100,CUST-00004,937.84,EUR,2025-07-18,full-match
PAY-00000790,INV-0000814,CUST-00002,89.91,EUR,2025-07-22,full-match
PAY-00001189,INV-X-0001836,CUST-00015,4875.66,EUR,2025-05-10,noise
PAY-00001014,INV-X-0000364,CUST-00059,5250.36,EUR,2025-07-04,noise
PAY-00000080,INV-0000083,CUST-00091,1547.46,EUR,2026-01-27,full-match
PAY-00000733,INV-0000753,CUST-00058,2981.41,EUR,2025-08-13,full-match
PAY-00000801,INV-0000827,CUST-00085,4385.34,EUR,2025-06-13,full-match
PAY-00000502,INV-0000518,CUST-00027,2171.42,EUR,2025-04-09,overpay
PAY-00000918,INV-0000946,CUST-00094,2127.28,EUR,2025-05-01,full-match
PAY-00000655,INV-0000671,CUST-00071,2086.13,EUR,2025-03-07,full-match
PAY-00001197,INV-X-0001008,CUST-00026,4279.91,EUR,2025-04-02,noise
PAY-00000399,INV-0000412,CUST-00086,3529.01,EUR,2026-02-01,full-match
PAY-00000548,INV-0000565,CUST-00049,4484.01,EUR,2025-09-07,full-match
PAY-00001198,INV-X-0001322,CUST-00063,776.84,EUR,2025-10-04,noise
PAY-00000513,INV-0000528,CUST-00065,2313.29,EUR,2025-06-13,full-match
PAY-00000071,INV-0000074,CUST-00075,2992.87,EUR,2025-12-11,full-match
PAY-00001130,INV-X-0001238,CUST-00055,4370.27,EUR,2025-08-21,noise
PAY-00001141,INV-X-0000182,CUST-00032,3317.71,EUR,2026-01-15,noise
PAY-00000810,INV-0000836,CUST-00051,2557.72,EUR,2025-12-25,full-match
PAY-00001001,INV-X-0000519,CUST-00002,3221.33,EUR,2025-09-13,noise
PAY-00001170,INV-X-0001087,CUST-00056,102.80,EUR,2026-02-13,noise
PAY-00000767,INV-0000790,CUST-00036,4341.89,EUR,2025-04-04,full-match
PAY-00000050,INV-0000052,CUST-00010,2595.07,EUR,2025-07-10,full-match
PAY-00001163,INV-X-0000902,CUST-00093,4470.27,EUR,2025-04-18,noise
PAY-00000651,INV-0000668,CUST-00009,3550.49,EUR,2025-01-22,duplicate
PAY-00001049,INV-X-0001284,CUST-00069,5899.99,EUR,2025-10-20,noise
PAY-00000638,INV-0000656,CUST-00027,1884.99,EUR,2025-08-23,duplicate
PAY-00000139,INV-0000142,CUST-00031,1394.99,EUR,2025-07-20,full-match
PAY-00000726,INV-0000745,CUST-00093,3498.98,EUR,2025-07-13,full-match
PAY-00000410,INV-0000422,CUST-00006,2083.75,EUR,2026-01-23,full-match
PAY-00000351,INV-0000362,CUST-00097,3108.30,EUR,2026-01-12,full-match
PAY-00000433,INV-0000448,CUST-00006,3093.31,EUR,2025-07-01,suspicious-customer-mismatch
PAY-00000424,INV-0000437,CUST-00013,4203.92,EUR,2026-01-09,full-match
PAY-00001000,INV-X-0001967,CUST-00026,44.66,EUR,2026-01-27,noise
PAY-00000519,INV-0000534,CUST-00072,1013.54,EUR,2025-11-07,full-match
PAY-00000666,INV-0000681,CUST-00061,327.77,EUR,2025-02-01,full-match
PAY-00000279,INV-0000286,CUST-00078,4836.42,EUR,2025-07-04,overpay
PAY-00000601,INV-0000620,CUST-00023,2581.77,EUR,2025-08-28,partial
PAY-00000386,INV-0000399,CUST-00061,2531.77,EUR,2025-03-06,full-match
PAY-00000307,INV-0000316,CUST-00085,1099.92,EUR,2026-01-28,full-match
PAY-00000679,INV-0000695,CUST-00100,1665.56,EUR,2025-12-18,full-match
PAY-00001151,INV-X-0001345,CUST-00038,5666.09,EUR,2025-11-16,noise
PAY-00001084,INV-X-0000270,CUST-00012,5693.70,EUR,2025-12-24,noise
PAY-00000322,INV-0000332,CUST-00063,3576.39,EUR,2025-09-16,full-match
PAY-00001149,INV-X-0001608,CUST-00073,1837.89,EUR,2025-11-19,noise
PAY-00000100,INV-0000103,CUST-00005,4300.04,EUR,2025-05-11,full-match
PAY-00000264,INV-0000272,CUST-00042,3990.91,EUR,2025-07-07,full-match
PAY-00001111,INV-X-0001089,CUST-00038,2742.08,EUR,2025-10-23,noise
PAY-00000480,INV-0000496,CUST-00040,2020.89,EUR,2025-10-12,full-match
PAY-00000637,INV-0000656,CUST-00027,1884.99,EUR,2025-08-23,duplicate
PAY-00000272,INV-0000279,CUST-00087,2755.66,EUR,2025-03-31,duplicate
PAY-00001199,INV-X-0001575,CUST-00056,1544.34,EUR,2025-11-26,noise
PAY-00000639,INV-0000657,CUST-00073,4327.22,EUR,2025-04-06,full-match
PAY-00000871,INV-0000899,CUST-00017,505.29,EUR,2025-07-18,full-match
PAY-00000751,INV-0000773,CUST-00022,459.22,EUR,2025-02-22,full-match
PAY-00000778,INV-0000802,CUST-00044,4997.33,EUR,2025-02-19,overpay
PAY-00000675,INV-0000691,CUST-00043,1950.04,EUR,2025-04-10,full-match
PAY-00000701,INV-0000718,CUST-00018,1537.15,EUR,2025-11-26,full-match
PAY-00000773,INV-0000797,CUST-00001,4351.09,EUR,2025-04-12,full-match
PAY-00000185,INV-0000190,CUST-00067,2928.70,EUR,2025-10-23,suspicious-customer-mismatch
PAY-00000936,INV-0000967,CUST-00083,2743.42,EUR,2025-05-04,full-match
PAY-00001079,INV-X-0001444,CUST-00077,6241.11,EUR,2025-11-19,noise
PAY-00001071,INV-X-0000235,CUST-00002,6708.92,EUR,2025-10-14,noise
PAY-00000954,INV-0000990,CUST-00084,2453.64,EUR,2025-12-29,full-match
PAY-00000070,INV-0000073,CUST-00052,643.44,EUR,2025-11-08,full-match
PAY-00000355,INV-0000366,CUST-00015,1452.07,EUR,2026-02-10,full-match
PAY-00001035,INV-X-0000631,CUST-00039,3556.69,EUR,2025-06-15,noise
PAY-00000237,INV-0000245,CUST-00015,2334.17,EUR,2025-03-28,duplicate
PAY-00000164,INV-0000169,CUST-00092,1031.73,EUR,2025-12-02,full-match
PAY-00000075,INV-0000078,CUST-00059,1615.08,EUR,2025-02-18,full-match
PAY-00000526,INV-0000542,CUST-00066,741.92,EUR,2025-12-17,duplicate
PAY-00000298,INV-0000304,CUST-00082,4128.08,EUR,2026-01-23,full-match
PAY-00000646,INV-0000664,CUST-00018,3615.55,EUR,2025-09-25,full-match
PAY-00000266,INV-0000274,CUST-00053,2851.34,EUR,2025-04-16,full-match
PAY-00000018,INV-0000019,CUST-00078,3193.14,EUR,2025-11-05,full-match
PAY-00000952,INV-0000987,CUST-00098,4825.92,EUR,2025-03-05,full-match
PAY-00000597,INV-0000616,CUST-00099,934.67,EUR,2026-01-10,partial
PAY-00000488,,CUST-00042,4676.95,EUR,2025-06-13,missing-invoice-id
PAY-00000265,INV-0000273,CUST-00048,2690.19,EUR,2025-06-10,overpay
PAY-00000960,INV-0000996,CUST-00036,4222.09,EUR,2026-01-15,duplicate
PAY-00000493,INV-0000509,CUST-00075,813.26,EUR,2026-02-06,full-match
PAY-00000371,INV-0000384,CUST-00025,4534.32,EUR,2025-08-11,full-match
PAY-00000881,INV-0000910,CUST-00049,3920.48,EUR,2025-08-13,full-match
PAY-00000505,INV-0000521,CUST-00014,1944.29,EUR,2025-09-08,overpay
PAY-00000776,INV-0000800,CUST-00064,506.40,EUR,2025-07-11,partial
PAY-00000123,INV-0000127,CUST-00029,4042.49,EUR,2025-04-02,full-match
PAY-00001065,INV-X-0000957,CUST-00006,739.66,EUR,2026-01-28,noise
PAY-00000251,INV-0000260,CUST-00064,4825.88,EUR,2025-05-01,duplicate
PAY-00000504,INV-0000520,CUST-00017,3815.29,EUR,2025-11-19,full-match
PAY-00001147,INV-X-0001968,CUST-00038,2038.67,EUR,2025-01-19,noise
PAY-00000886,INV-0000915,CUST-00046,3845.87,EUR,2025-05-23,full-match
PAY-00000295,INV-0000301,CUST-00049,1168.49,EUR,2025-07-19,partial
PAY-00000128,INV-0000132,CUST-00097,4309.18,EUR,2025-03-28,full-match
PAY-00000484,INV-0000500,CUST-00017,4395.90,EUR,2025-12-12,full-match
PAY-00000308,INV-0000317,CUST-00003,300.36,EUR,2025-07-20,full-match
PAY-00000269,INV-0000277,CUST-00060,3207.63,EUR,2025-09-20,full-match
PAY-00000667,INV-0000682,CUST-00011,2524.30,EUR,2025-09-03,full-match
PAY-00000003,INV-0000003,CUST-00012,2972.94,EUR,2025-01-24,full-match
PAY-00000028,INV-0000029,CUST-00020,3651.05,EUR,2026-02-04,overpay
PAY-00000230,INV-0000238,CUST-00060,2095.58,EUR,2025-05-30,duplicate
PAY-00000840,INV-0000869,CUST-00001,4665.37,EUR,2025-02-04,full-match
PAY-00000506,INV-0000522,CUST-00035,2275.50,EUR,2025-04-11,full-match
PAY-00000689,INV-0000706,CUST-00012,1801.88,EUR,2025-04-02,full-match
PAY-00000310,INV-0000319,CUST-00098,2793.33,EUR,2025-11-19,full-match
PAY-00000044,INV-0000046,CUST-00092,1593.00,EUR,2026-01-10,full-match
PAY-00000892,INV-0000920,CUST-00095,3503.25,EUR,2025-11-11,duplicate
PAY-00000629,INV-0000647,CUST-00093,3373.68,EUR,2025-06-15,full-match
PAY-00000391,INV-0000404,CUST-00037,1967.71,EUR,2025-08-06,full-match
PAY-00000191,,CUST-00093,2968.46,EUR,2025-11-24,missing-invoice-id
PAY-00000970,INV-X-0001776,CUST-00059,6215.36,EUR,2025-08-07,noise
PAY-00000141,INV-0000144,CUST-00089,806.39,EUR,2025-05-11,full-match
PAY-00000903,INV-0000931,CUST-00076,550.11,EUR,2025-07-05,full-match
PAY-00000668,INV-0000683,CUST-00073,2770.33,EUR,2025-03-27,partial
PAY-00000568,INV-0000588,CUST-00073,3388.29,EUR,2025-05-02,full-match
PAY-00000280,INV-0000287,CUST-00078,4019.56,EUR,2025-05-19,full-match
PAY-00000420,INV-0000432,CUST-00058,4531.27,EUR,2025-04-15,full-match
PAY-00001174,INV-X-0001251,CUST-00084,6011.32,EUR,2025-06-21,noise
PAY-00000091,INV-0000095,CUST-00071,783.06,EUR,2025-03-12,full-match
PAY-00000969,INV-X-0001776,CUST-00079,3439.80,EUR,2025-06-16,noise
PAY-00001036,INV-X-0001571,CUST-00001,814.58,EUR,2025-06-20,noise
PAY-00000703,INV-0000720,CUST-00038,3687.63,EUR,2026-01-05,full-match
PAY-00000538,INV-0000553,CUST-00003,2233.14,EUR,2025-09-04,full-match
PAY-00000487,INV-0000503,CUST-00067,807.43,EUR,2025-04-07,full-match
PAY-00001187,INV-X-0001754,CUST-00078,926.75,EUR,2025-12-03,noise
PAY-00000812,INV-0000838,CUST-00011,3220.66,EUR,2025-10-30,full-match
PAY-00001115,INV-X-0000183,CUST-00075,76.67,EUR,2025-09-19,noise
PAY-00000968,INV-X-0001552,CUST-00027,481.63,EUR,2025-08-13,noise
PAY-00000620,INV-0000638,CUST-00020,1534.45,EUR,2025-06-05,full-match
PAY-00000425,INV-0000439,CUST-00090,4164.00,EUR,2026-02-02,full-match
PAY-00000435,INV-0000451,CUST-00070,2561.27,EUR,2025-11-01,full-match
PAY-00000168,INV-0000174,CUST-00054,4120.54,EUR,2025-03-28,duplicate
PAY-00000680,INV-0000696,CUST-00058,2478.49,EUR,2025-08-12,full-match
PAY-00000454,INV-0000470,CUST-00038,1640.00,EUR,2025-03-19,full-match
PAY-00000426,INV-0000440,CUST-00058,1667.03,EUR,2025-02-24,partial
PAY-00001043,INV-X-0001606,CUST-00053,6495.97,EUR,2025-01-29,noise
PAY-00000221,INV-0000229,CUST-00074,249.15,EUR,2025-05-07,full-match
PAY-00000989,INV-X-0001417,CUST-00084,6351.99,EUR,2026-02-12,noise
PAY-00001152,INV-X-0000056,CUST-00037,3403.63,EUR,2025-03-06,noise
PAY-00000599,INV-0000618,CUST-00049,1909.45,EUR,2026-02-01,full-match
PAY-00001044,INV-X-0001711,CUST-00067,2109.42,EUR,2026-01-07,noise
PAY-00000360,INV-0000372,CUST-00017,1463.98,EUR,2026-01-29,partial
PAY-00001181,INV-X-0000025,CUST-00053,701.94,EUR,2025-02-23,noise
PAY-00001186,INV-X-0000250,CUST-00091,6705.41,EUR,2025-02-14,noise
PAY-00000863,INV-0000891,CUST-00066,292.31,EUR,2025-06-30,full-match
PAY-00000829,INV-0000858,CUST-00023,4659.24,EUR,2025-03-07,full-match
PAY-00001140,INV-X-0001059,CUST-00011,3673.03,EUR,2025-11-09,noise
PAY-00000657,INV-0000673,CUST-00065,4075.13,EUR,2026-01-24,full-match
PAY-00000438,INV-0000453,CUST-00082,1965.06,EUR,2025-08-16,full-match
PAY-00000650,INV-0000667,CUST-00098,81.60,EUR,2025-04-09,full-match
PAY-00000408,,CUST-00077,1914.76,EUR,2025-04-23,missing-invoice-id
PAY-00000370,INV-0000383,CUST-00066,2255.09,EUR,2025-11-08,partial
PAY-00000058,INV-0000062,CUST-00071,534.65,EUR,2026-01-14,full-match
PAY-00000524,INV-0000540,CUST-00006,85.71,EUR,2025-04-24,partial
PAY-00000326,INV-0000336,CUST-00068,1509.74,EUR,2025-11-06,duplicate
PAY-00000503,INV-0000519,CUST-00092,1630.62,EUR,2025-08-04,full-match
PAY-00000861,INV-0000888,CUST-00088,1555.86,EUR,2026-02-17,full-match
PAY-00000915,INV-0000943,CUST-00058,106.41,EUR,2025-05-10,full-match
PAY-00000525,INV-0000541,CUST-00061,2620.70,EUR,2025-04-29,full-match
PAY-00000991,INV-X-0000234,CUST-00091,3156.80,EUR,2025-07-05,noise
PAY-00001150,INV-X-0000970,CUST-00075,1200.17,EUR,2025-01-27,noise
PAY-00000552,INV-0000570,CUST-00090,1394.53,EUR,2025-04-11,full-match
PAY-00000866,INV-0000894,CUST-00060,323.63,EUR,2025-03-30,partial
PAY-00000789,INV-0000813,CUST-00076,1169.64,EUR,2026-01-30,full-match
PAY-00000201,INV-0000207,CUST-00011,4969.89,EUR,2025-04-22,full-match
PAY-00000285,INV-0000293,CUST-00017,3943.24,EUR,2025-08-25,duplicate
PAY-00000971,INV-X-0000830,CUST-00100,311.95,EUR,2026-01-12,noise
PAY-00000755,INV-0000777,CUST-00066,460.25,EUR,2025-03-23,partial
PAY-00000843,INV-0000872,CUST-00095,3649.71,EUR,2025-04-01,duplicate
PAY-00001102,INV-X-0001907,CUST-00092,4027.83,EUR,2025-09-07,noise
PAY-00000999,INV-X-0000592,CUST-00081,1281.26,EUR,2025-03-09,noise
PAY-00000765,INV-0000788,CUST-00038,2885.04,EUR,2025-10-16,full-match
PAY-00000095,INV-0000099,CUST-00031,4329.80,EUR,2025-05-05,duplicate
PAY-00000366,INV-0000378,CUST-00022,4016.54,EUR,2025-12-15,full-match
PAY-00000457,INV-0000473,CUST-00045,2263.29,EUR,2025-07-30,full-match
PAY-00000927,INV-0000958,CUST-00093,4631.59,EUR,2025-11-01,full-match
PAY-00000412,INV-0000424,CUST-00069,1233.88,EUR,2025-09-29,full-match
PAY-00000832,INV-0000860,CUST-00042,1278.90,EUR,2025-07-19,duplicate
PAY-00000316,INV-0000325,CUST-00042,128.12,EUR,2025-06-10,duplicate
PAY-00000839,INV-0000868,CUST-00094,4507.19,EUR,2025-05-29,full-match
PAY-00000565,INV-0000585,CUST-00060,1400.54,EUR,2025-03-30,full-match
PAY-00000143,INV-0000146,CUST-00054,358.22,EUR,2025-09-01,full-match
PAY-00000795,INV-0000819,CUST-00009,2676.02,EUR,2025-02-06,full-match
PAY-00000875,INV-0000903,CUST-00046,1112.84,EUR,2025-05-19,full-match
PAY-00000116,INV-0000120,CUST-00079,2867.07,EUR,2025-09-03,full-match
PAY-00000347,INV-0000358,CUST-00096,2675.89,EUR,2025-08-22,full-match
PAY-00000453,INV-0000469,CUST-00011,2840.52,EUR,2025-05-24,overpay
PAY-00000579,INV-0000600,CUST-00020,2302.14,EUR,2025-12-09,full-match
PAY-00000151,INV-0000156,CUST-00038,4340.91,EUR,2025-04-20,suspicious-customer-mismatch
PAY-00000888,INV-0000917,CUST-00069,4090.61,EUR,2025-02-17,duplicate
PAY-00000297,INV-0000303,CUST-00042,4580.52,EUR,2025-05-05,full-match
PAY-00000716,INV-0000733,CUST-00099,1278.74,EUR,2026-01-01,full-match
PAY-00000856,INV-0000883,CUST-00018,3910.69,EUR,2025-11-13,full-match
PAY-00000340,INV-0000350,CUST-00029,4244.01,EUR,2025-08-07,full-match
PAY-00000520,INV-0000535,CUST-00010,1962.43,EUR,2025-10-17,full-match
PAY-00000560,INV-0000579,CUST-00054,4417.11,EUR,2025-04-17,full-match
PAY-00000005,INV-0000005,CUST-00004,2828.16,EUR,2026-01-10,full-match
PAY-00000160,INV-0000165,CUST-00060,3512.35,EUR,2025-07-30,full-match
PAY-00001046,INV-X-0000427,CUST-00074,4804.74,EUR,2026-02-14,noise
PAY-00000932,INV-0000963,CUST-00062,1038.39,EUR,2025-02-11,full-match
PAY-00000959,INV-0000995,CUST-00003,1722.44,EUR,2025-07-12,full-match
PAY-00000512,INV-0000527,CUST-00040,2511.98,EUR,2025-03-21,full-match
PAY-00000415,INV-0000427,CUST-00068,2122.37,EUR,2025-04-19,full-match
PAY-00000026,INV-0000027,CUST-00075,2027.03,EUR,2025-05-22,full-match
PAY-00000125,INV-0000129,CUST-00059,2101.48,EUR,2026-01-11,full-match
PAY-00000309,INV-0000318,CUST-00017,3945.54,EUR,2025-05-04,full-match
PAY-00000547,INV-0000564,CUST-00037,653.28,EUR,2026-01-24,full-match
PAY-00000167,INV-0000172,CUST-00045,2687.09,EUR,2025-12-31,full-match
PAY-00000781,INV-0000805,CUST-00059,53.35,EUR,2025-09-11,full-match
PAY-00000460,INV-0000476,CUST-00096,3413.08,EUR,2025-02-14,full-match
PAY-00000760,INV-0000783,CUST-00016,3889.38,EUR,2025-06-09,full-match
PAY-00000678,INV-0000693,CUST-00013,2213.59,EUR,2025-03-17,duplicate
PAY-00001105,INV-X-0000631,CUST-00052,505.86,EUR,2025-02-25,noise
PAY-00000698,INV-0000715,CUST-00018,1558.06,EUR,2025-08-14,full-match
PAY-00000036,INV-0000038,CUST-00048,3824.43,EUR,2025-11-25,duplicate
PAY-00000576,INV-0000597,CUST-00052,3446.06,EUR,2026-02-09,full-match
PAY-00000211,INV-0000218,CUST-00034,3949.75,EUR,2025-12-27,full-match
PAY-00000189,INV-0000194,CUST-00016,3727.26,EUR,2026-01-14,full-match
PAY-00000379,INV-0000390,CUST-00088,4624.56,EUR,2025-12-02,duplicate
PAY-00000684,INV-0000701,CUST-00056,1978.63,EUR,2025-07-28,suspicious-customer-mismatch
PAY-00001161,INV-X-0001913,CUST-00020,5866.55,EUR,2026-01-21,noise
PAY-00001081,INV-X-0000729,CUST-00040,2339.68,EUR,2025-04-12,noise
PAY-00000589,INV-0000609,CUST-00008,2294.49,EUR,2025-10-29,duplicate
PAY-00000325,INV-0000336,CUST-00068,1509.74,EUR,2025-11-06,duplicate
PAY-00000043,INV-0000044,CUST-00071,867.38,EUR,2025-11-29,full-match
PAY-00000120,INV-0000125,CUST-00037,2601.49,EUR,2026-01-03,full-match
PAY-00000244,INV-0000252,CUST-00093,1527.85,EUR,2025-12-25,full-match
PAY-00000848,INV-0000876,CUST-00053,3519.19,EUR,2025-08-12,full-match
PAY-00000158,INV-0000162,CUST-00097,203.60,EUR,2025-06-04,full-match
PAY-00000792,INV-0000816,CUST-00030,1946.20,EUR,2025-03-24,full-match
PAY-00000187,INV-0000192,CUST-00046,3529.13,EUR,2025-06-30,full-match
PAY-00000293,INV-0000299,CUST-00034,2706.03,EUR,2025-10-06,full-match
PAY-00000549,INV-0000566,CUST-00099,3401.40,EUR,2025-06-19,partial
PAY-00001159,INV-X-0000994,CUST-00024,5599.62,EUR,2025-01-17,noise
PAY-00000796,INV-0000820,CUST-00057,1788.38,EUR,2025-05-18,full-match
PAY-00000171,INV-0000176,CUST-00056,921.88,EUR,2025-11-01,full-match
PAY-00000467,INV-0000483,CUST-00084,1429.51,EUR,2025-03-22,full-match
PAY-00001017,INV-X-0000139,CUST-00098,3002.72,EUR,2025-10-09,noise
PAY-00000768,INV-0000792,CUST-00098,4225.60,EUR,2025-08-25,full-match
PAY-00000728,INV-0000747,CUST-00003,4253.44,EUR,2025-12-12,full-match
PAY-00000049,INV-0000051,CUST-00030,383.63,EUR,2025-03-04,full-match
PAY-00000735,INV-0000755,CUST-00074,553.67,EUR,2025-11-05,full-match
PAY-00000381,INV-0000394,CUST-00040,2335.63,EUR,2025-02-15,full-match
PAY-00000496,INV-0000512,CUST-00034,3273.09,EUR,2025-11-30,full-match
PAY-00000233,INV-0000240,CUST-00098,305.48,EUR,2025-07-11,full-match
PAY-00000267,INV-0000275,CUST-00023,440.89,EUR,2025-08-07,full-match
PAY-00000930,INV-0000961,CUST-00020,319.80,EUR,2025-02-21,full-match
PAY-00000314,INV-0000323,CUST-00085,4338.92,EUR,2025-03-26,full-match
PAY-00000717,INV-0000735,CUST-00083,3403.49,EUR,2025-08-19,full-match
PAY-00000581,INV-0000602,CUST-00086,4136.74,EUR,2025-06-23,full-match
PAY-00000312,INV-0000321,CUST-00001,1422.51,EUR,2025-04-04,full-match
PAY-00000740,INV-0000762,CUST-00041,633.42,EUR,2025-06-16,full-match
PAY-00000990,INV-X-0000336,CUST-00092,5138.17,EUR,2025-02-16,noise
PAY-00000562,INV-0000581,CUST-00005,95.87,EUR,2025-12-07,full-match
PAY-00000543,INV-0000559,CUST-00069,1744.52,EUR,2025-07-30,full-match
PAY-00000682,INV-0000699,CUST-00032,3579.89,EUR,2025-03-17,full-match
PAY-00000608,INV-0000626,CUST-00005,4056.92,EUR,2025-08-11,duplicate
PAY-00000757,INV-0000780,CUST-00028,6507.68,EUR,2025-04-05,overpay
PAY-00000335,INV-0000345,CUST-00072,346.91,EUR,2025-12-15,full-match
PAY-00000662,INV-0000677,CUST-00011,1896.61,EUR,2025-08-31,duplicate
PAY-00000672,INV-0000688,CUST-00019,3773.66,EUR,2026-02-05,full-match
PAY-00000928,,CUST-00085,1443.54,EUR,2025-05-31,missing-invoice-id
PAY-00000593,INV-0000612,CUST-00033,4091.44,EUR,2025-06-15,duplicate
PAY-00000961,INV-0000996,CUST-00036,4222.09,EUR,2026-01-15,duplicate
PAY-00000811,INV-0000837,CUST-00099,2106.39,EUR,2026-01-27,full-match
PAY-00000712,INV-0000729,CUST-00049,416.13,EUR,2025-12-14,full-match
PAY-00000533,INV-0000549,CUST-00074,1176.34,EUR,2025-03-26,full-match
PAY-00000238,INV-0000245,CUST-00015,2334.17,EUR,2025-03-28,duplicate
PAY-00000023,INV-0000024,CUST-00028,3294.42,EUR,2025-09-15,duplicate
PAY-00000761,INV-0000784,CUST-00095,2960.22,EUR,2025-07-29,full-match
PAY-00000194,INV-0000200,CUST-00007,2789.13,EUR,2026-01-08,duplicate
PAY-00000299,INV-0000305,CUST-00084,2071.06,EUR,2025-03-31,full-match
PAY-00000022,INV-0000023,CUST-00009,1094.37,EUR,2025-11-09,full-match
PAY-00001026,INV-X-0001153,CUST-00064,3647.55,EUR,2025-11-20,noise
PAY-00000455,INV-0000471,CUST-00085,1513.42,EUR,2025-10-01,full-match
PAY-00000431,INV-0000445,CUST-00009,598.75,EUR,2025-11-17,full-match
PAY-00001083,INV-X-0000161,CUST-00097,5355.71,EUR,2025-10-18,noise
PAY-00000486,INV-0000502,CUST-00065,4558.03,EUR,2025-02-26,full-match
PAY-00000904,INV-0000932,CUST-00018,4880.51,EUR,2025-10-06,full-match
PAY-00001053,INV-X-0001018,CUST-00031,2613.65,EUR,2025-06-04,noise
PAY-00000699,INV-0000716,CUST-00080,1930.46,EUR,2025-07-24,full-match
PAY-00001033,INV-X-0001306,CUST-00028,98.85,EUR,2025-04-14,noise
PAY-00000301,INV-0000308,CUST-00050,2295.54,EUR,2026-02-08,full-match
PAY-00000024,INV-0000024,CUST-00028,3294.42,EUR,2025-09-15,duplicate
PAY-00000827,INV-0000856,CUST-00001,267.99,EUR,2025-02-02,full-match
PAY-00000534,INV-0000550,CUST-00062,894.03,EUR,2026-01-08,full-match
PAY-00000785,INV-0000809,CUST-00086,4523.81,EUR,2025-04-01,full-match
PAY-00000155,INV-0000160,CUST-00011,2378.02,EUR,2025-10-30,duplicate
PAY-00000509,INV-0000524,CUST-00032,4815.29,EUR,2025-04-27,duplicate
PAY-00000152,INV-0000157,CUST-00034,2233.75,EUR,2025-06-12,overpay
PAY-00000872,INV-0000900,CUST-00006,4714.29,EUR,2025-02-24,full-match
PAY-00001126,INV-X-0000147,CUST-00083,129.64,EUR,2026-01-05,noise
PAY-00000283,INV-0000291,CUST-00047,3675.18,EUR,2025-03-31,full-match
PAY-00000169,INV-0000174,CUST-00054,4120.54,EUR,2025-03-28,duplicate
PAY-00000112,INV-0000116,CUST-00080,1603.88,EUR,2025-03-30,full-match
PAY-00000079,,CUST-00048,1460.69,EUR,2025-10-02,missing-invoice-id
PAY-00000296,INV-0000302,CUST-00087,1207.42,EUR,2025-03-08,full-match
PAY-00000184,INV-0000189,CUST-00029,2051.79,EUR,2025-06-16,full-match
PAY-00000401,INV-0000414,CUST-00047,140.24,EUR,2025-07-10,full-match
PAY-00000834,INV-0000863,CUST-00067,4908.00,EUR,2025-08-01,full-match
PAY-00000090,INV-0000094,CUST-00070,228.34,EUR,2025-09-01,full-match
PAY-00000950,,CUST-00067,3919.34,EUR,2025-04-19,missing-invoice-id
PAY-00000193,INV-0000199,CUST-00091,2693.97,EUR,2025-06-09,full-match
PAY-00000068,INV-0000071,CUST-00068,829.29,EUR,2025-10-05,full-match
PAY-00000862,INV-0000890,CUST-00012,2151.70,EUR,2025-07-31,partial
PAY-00000690,INV-0000707,CUST-00077,3932.97,EUR,2025-07-19,full-match
PAY-00000377,INV-0000389,CUST-00060,3784.51,EUR,2025-12-11,full-match
PAY-00000808,INV-0000834,CUST-00099,248.26,EUR,2025-11-24,partial
PAY-00001175,INV-X-0000554,CUST-00035,5620.17,EUR,2025-05-11,noise
PAY-00000300,INV-0000306,CUST-00005,480.00,EUR,2025-09-23,partial
PAY-00001188,INV-X-0001565,CUST-00083,3971.16,EUR,2025-04-05,noise
PAY-00001127,INV-X-0001813,CUST-00063,4612.33,EUR,2025-03-11,noise
PAY-00000545,INV-0000562,CUST-00091,1076.03,EUR,2026-02-06,full-match
PAY-00000786,INV-0000810,CUST-00051,3146.74,EUR,2026-01-25,full-match
PAY-00000926,,CUST-00056,4715.09,EUR,2025-05-05,missing-invoice-id
PAY-00000126,INV-0000130,CUST-00025,1239.84,EUR,2025-09-08,partial
PAY-00000540,INV-0000556,CUST-00091,733.51,EUR,2025-06-12,full-match
PAY-00001196,INV-X-0000529,CUST-00034,1261.95,EUR,2025-02-05,noise
PAY-00001134,INV-X-0000485,CUST-00092,3522.07,EUR,2025-07-30,noise
PAY-00000869,INV-0000897,CUST-00075,2951.29,EUR,2025-02-15,full-match
PAY-00000354,INV-0000365,CUST-00097,2586.11,EUR,2025-08-19,full-match
PAY-00000382,INV-0000395,CUST-00048,4166.90,EUR,2025-02-19,full-match
PAY-00000065,,CUST-00020,989.99,EUR,2025-05-17,missing-invoice-id
PAY-00000962,INV-0000997,CUST-00030,330.26,EUR,2025-09-18,partial
PAY-00000284,INV-0000292,CUST-00042,3750.03,EUR,2025-05-03,full-match
PAY-00001121,INV-X-0000652,CUST-00092,2691.87,EUR,2025-07-15,noise
PAY-00001160,INV-X-0000703,CUST-00011,6772.07,EUR,2025-11-01,noise
PAY-00000516,INV-0000531,CUST-00037,2706.62,EUR,2025-04-04,full-match
PAY-00001070,INV-X-0000241,CUST-00035,1062.26,EUR,2025-05-21,noise
PAY-00001025,INV-X-0001277,CUST-00046,6491.20,EUR,2025-11-11,noise
PAY-00000329,INV-0000339,CUST-00056,2285.20,EUR,2025-06-14,full-match
PAY-00001029,INV-X-0000004,CUST-00016,187.43,EUR,2025-11-17,noise
PAY-00000763,INV-0000786,CUST-00008,2871.87,EUR,2025-11-05,full-match
PAY-00000864,INV-0000892,CUST-00023,224.61,EUR,2025-09-05,overpay
PAY-00001016,INV-X-0000662,CUST-00048,6284.76,EUR,2026-02-24,noise
PAY-00000720,INV-0000738,CUST-00075,3453.94,EUR,2025-05-24,full-match
PAY-00000595,INV-0000613,CUST-00010,274.18,EUR,2025-07-26,full-match
PAY-00000934,INV-0000965,CUST-00015,1576.35,EUR,2025-09-02,full-match
PAY-00000973,INV-X-0001253,CUST-00096,4012.10,EUR,2025-10-02,noise
PAY-00001050,INV-X-0001241,CUST-00050,1327.90,EUR,2025-03-01,noise
PAY-00001089,INV-X-0001879,CUST-00086,2325.69,EUR,2025-06-16,noise
PAY-00000117,INV-0000121,CUST-00001,1554.18,EUR,2025-06-06,full-match
PAY-00000553,INV-0000571,CUST-00031,1250.17,EUR,2026-01-25,full-match
PAY-00000855,INV-0000882,CUST-00058,1396.18,EUR,2025-03-14,full-match
PAY-00001013,INV-X-0001434,CUST-00077,4014.53,EUR,2025-10-15,noise
PAY-00000838,INV-0000867,CUST-00060,1872.95,EUR,2025-10-03,full-match
PAY-00000210,INV-0000217,CUST-00090,4305.05,EUR,2025-03-04,full-match
PAY-00000727,INV-0000746,CUST-00039,271.18,EUR,2026-01-25,full-match
PAY-00000575,INV-0000596,CUST-00086,635.21,EUR,2025-07-07,full-match
PAY-00000069,INV-0000072,CUST-00024,389.18,EUR,2025-03-11,full-match
PAY-00000722,INV-0000740,CUST-00089,2527.31,EUR,2025-07-24,full-match
PAY-00000573,INV-0000593,CUST-00058,1661.40,EUR,2025-07-26,partial
PAY-00000854,INV-0000881,CUST-00090,3311.96,EUR,2025-07-09,partial
PAY-00000180,INV-0000185,CUST-00072,100.25,EUR,2025-04-25,full-match
PAY-00000376,INV-0000388,CUST-00023,4758.90,EUR,2025-12-26,full-match
PAY-00000979,INV-X-0001292,CUST-00007,1345.16,EUR,2025-08-14,noise
PAY-00000884,INV-0000913,CUST-00004,1628.44,EUR,2025-04-30,full-match
PAY-00000634,INV-0000652,CUST-00031,2782.79,EUR,2025-07-07,full-match
PAY-00000933,INV-0000964,CUST-00022,3209.04,EUR,2025-03-19,full-match
PAY-00000375,INV-0000387,CUST-00023,3031.87,EUR,2025-12-16,full-match
PAY-00000393,INV-0000406,CUST-00009,2330.42,EUR,2025-11-13,overpay
PAY-00001101,INV-X-0000355,CUST-00085,4693.84,EUR,2026-01-14,noise
PAY-00000053,INV-0000056,CUST-00046,2146.71,EUR,2025-09-24,full-match
PAY-00001018,INV-X-0000133,CUST-00038,3306.30,EUR,2025-03-04,noise
PAY-00001091,INV-X-0000232,CUST-00045,3360.99,EUR,2025-03-29,noise
PAY-00000996,INV-X-0001767,CUST-00020,1151.63,EUR,2025-03-16,noise
PAY-00000057,,CUST-00032,4378.71,EUR,2025-03-31,missing-invoice-id
PAY-00000898,INV-0000926,CUST-00079,1047.25,EUR,2025-04-19,full-match
PAY-00000943,INV-0000977,CUST-00074,3403.80,EUR,2025-12-12,full-match
PAY-00000636,INV-0000655,CUST-00013,4023.94,EUR,2025-10-01,full-match
PAY-00000083,INV-0000087,CUST-00035,1444.69,EUR,2025-05-12,full-match
PAY-00000702,INV-0000719,CUST-00062,1605.21,EUR,2025-09-06,full-match
PAY-00000807,INV-0000833,CUST-00047,2754.46,EUR,2025-05-04,full-match
PAY-00000213,INV-0000220,CUST-00015,2745.58,EUR,2025-12-28,full-match
PAY-00000590,INV-0000609,CUST-00008,2294.49,EUR,2025-10-29,duplicate
PAY-00000556,INV-0000574,CUST-00088,3865.29,EUR,2025-02-11,full-match
PAY-00000628,INV-0000646,CUST-00006,4374.42,EUR,2025-05-17,duplicate
PAY-00000715,INV-0000732,CUST-00077,1746.97,EUR,2025-03-03,partial
PAY-00001022,INV-X-0001084,CUST-00012,3395.97,EUR,2025-12-19,noise
PAY-00001068,INV-X-0000658,CUST-00026,1363.97,EUR,2025-05-22,noise
PAY-00001085,INV-X-0000960,CUST-00013,3199.98,EUR,2025-12-17,noise
PAY-00000304,INV-0000312,CUST-00057,2251.24,EUR,2025-06-06,full-match
PAY-00001129,INV-X-0001762,CUST-00059,6257.21,EUR,2025-12-23,noise
PAY-00000877,INV-0000906,CUST-00064,2089.36,EUR,2025-12-01,full-match
PAY-00000341,INV-0000351,CUST-00048,190.32,EUR,2025-07-14,partial
PAY-00000708,INV-0000725,CUST-00094,2335.03,EUR,2026-01-21,full-match
PAY-00000395,INV-0000408,CUST-00020,2208.94,EUR,2025-11-26,overpay
PAY-00000994,INV-X-0000776,CUST-00071,2676.64,EUR,2026-01-29,noise
PAY-00000643,INV-0000661,CUST-00064,2775.68,EUR,2026-01-24,full-match
PAY-00001191,INV-X-0001309,CUST-00059,6460.41,EUR,2025-05-22,noise
PAY-00000649,INV-0000666,CUST-00005,4909.92,EUR,2025-03-05,overpay
PAY-00000837,INV-0000866,CUST-00032,1493.40,EUR,2025-06-29,suspicious-customer-mismatch
PAY-00000476,INV-0000492,CUST-00047,2568.34,EUR,2025-03-20,full-match
PAY-00000642,INV-0000660,CUST-00043,1188.59,EUR,2025-11-15,full-match
PAY-00000380,INV-0000393,CUST-00076,328.05,EUR,2025-10-10,full-match
PAY-00000922,INV-0000951,CUST-00003,1627.65,EUR,2025-03-21,full-match
PAY-00000190,INV-0000195,CUST-00025,1121.10,EUR,2025-10-11,full-match
PAY-00001093,INV-X-0000261,CUST-00066,738.47,EUR,2026-02-23,noise
PAY-00000847,INV-0000875,CUST-00012,267.31,EUR,2025-06-28,full-match
PAY-00000142,INV-0000145,CUST-00054,2067.62,EUR,2025-11-05,full-match
PAY-00000791,INV-0000815,CUST-00055,3485.45,EUR,2025-09-19,full-match
PAY-00000475,INV-0000491,CUST-00039,1875.71,EUR,2026-01-27,partial
PAY-00000955,INV-0000991,CUST-00005,902.39,EUR,2025-08-13,full-match
PAY-00000025,INV-0000025,CUST-00019,1361.16,EUR,2025-06-28,full-match
PAY-00000598,INV-0000617,CUST-00048,6044.01,EUR,2025-08-31,overpay
PAY-00000984,INV-X-0001026,CUST-00015,1274.80,EUR,2025-10-27,noise
PAY-00000585,INV-0000605,CUST-00071,4519.30,EUR,2025-05-24,full-match
PAY-00000471,INV-0000487,CUST-00026,657.06,EUR,2025-04-03,full-match
PAY-00000721,INV-0000739,CUST-00048,1986.11,EUR,2026-02-01,full-match
PAY-00001064,INV-X-0001408,CUST-00077,6105.69,EUR,2025-06-20,noise
PAY-00000313,INV-0000322,CUST-00070,1290.74,EUR,2025-05-03,full-match
PAY-00000686,INV-0000703,CUST-00047,3818.67,EUR,2025-03-15,full-match
PAY-00000492,INV-0000508,CUST-00012,2537.74,EUR,2025-05-31,full-match
PAY-00000017,INV-0000018,CUST-00090,4686.44,EUR,2025-12-05,full-match
PAY-00000093,INV-0000097,CUST-00027,3426.23,EUR,2025-12-16,full-match
PAY-00000664,INV-0000679,CUST-00039,879.77,EUR,2025-02-20,partial
PAY-00000245,INV-0000254,CUST-00069,958.23,EUR,2025-08-06,partial
PAY-00000925,INV-0000954,CUST-00077,4927.12,EUR,2025-09-20,full-match
PAY-00000946,INV-0000980,CUST-00006,2145.71,EUR,2026-01-18,duplicate
PAY-00000136,INV-0000140,CUST-00099,3899.49,EUR,2025-09-29,duplicate
PAY-00000224,INV-0000232,CUST-00061,1772.41,EUR,2025-07-18,full-match
PAY-00000417,INV-0000429,CUST-00083,2428.92,EUR,2025-08-25,full-match
PAY-00000750,INV-0000772,CUST-00054,3565.20,EUR,2025-09-23,full-match
PAY-00000710,INV-0000727,CUST-00053,3381.24,EUR,2025-04-11,full-match
PAY-00000013,INV-0000014,CUST-00085,1178.10,EUR,2025-06-20,full-match
PAY-00000772,INV-0000796,CUST-00059,4753.76,EUR,2025-08-15,full-match
PAY-00000572,INV-0000592,CUST-00032,83.81,EUR,2025-08-23,full-match
PAY-00000086,INV-0000090,CUST-00082,2146.70,EUR,2025-06-19,full-match
PAY-00000247,INV-0000257,CUST-00050,1206.13,EUR,2025-08-22,full-match
PAY-00000508,INV-0000524,CUST-00032,4815.29,EUR,2025-04-27,duplicate
PAY-00000464,INV-0000480,CUST-00078,809.52,EUR,2025-10-01,full-match
PAY-00001057,INV-X-0001854,CUST-00065,1095.46,EUR,2025-06-24,noise
PAY-00000842,INV-0000871,CUST-00043,57.24,EUR,2026-01-13,full-match
PAY-00000714,INV-0000731,CUST-00070,231.99,EUR,2025-08-17,full-match
PAY-00000818,INV-0000845,CUST-00086,3721.38,EUR,2025-04-29,full-match
PAY-00000830,INV-0000859,CUST-00092,3716.30,EUR,2025-09-10,full-match
PAY-00000491,INV-0000507,CUST-00090,3143.86,EUR,2026-01-02,suspicious-customer-mismatch
PAY-00000404,INV-0000416,CUST-00029,4999.88,EUR,2025-03-31,duplicate
PAY-00000544,INV-0000560,CUST-00079,2446.69,EUR,2025-05-26,full-match
PAY-00000436,INV-0000452,CUST-00003,1982.75,EUR,2025-09-10,duplicate
PAY-00000035,INV-0000036,CUST-00098,934.33,EUR,2025-04-07,full-match
PAY-00000517,INV-0000532,CUST-00018,4418.16,EUR,2025-08-27,full-match
PAY-00001173,INV-X-0001306,CUST-00046,6694.16,EUR,2025-08-10,noise
PAY-00000752,INV-0000774,CUST-00038,211.84,EUR,2025-06-25,full-match
PAY-00000482,INV-0000498,CUST-00017,4863.28,EUR,2025-12-20,full-match
PAY-00000042,INV-0000043,CUST-00099,672.51,EUR,2026-01-13,full-match
PAY-00000046,INV-0000048,CUST-00032,1162.25,EUR,2025-06-27,full-match
PAY-00000428,INV-0000442,CUST-00094,3063.96,EUR,2025-08-16,full-match
PAY-00000006,INV-0000006,CUST-00026,1141.18,EUR,2025-11-18,suspicious-customer-mismatch
PAY-00000588,INV-0000608,CUST-00063,289.61,EUR,2025-10-20,partial
PAY-00000153,INV-0000158,CUST-00042,1720.63,EUR,2025-08-26,full-match
PAY-00000906,INV-0000934,CUST-00089,4453.52,EUR,2025-12-05,full-match
PAY-00000228,INV-0000236,CUST-00041,1299.37,EUR,2025-04-10,full-match
PAY-00001172,INV-X-0001399,CUST-00006,699.60,EUR,2025-09-30,noise
PAY-00000445,INV-0000461,CUST-00038,1047.88,EUR,2025-05-02,full-match
PAY-00000336,INV-0000346,CUST-00043,3366.57,EUR,2025-09-13,full-match
PAY-00000254,INV-0000262,CUST-00013,2653.46,EUR,2025-09-12,full-match
PAY-00000253,INV-0000261,CUST-00076,994.87,EUR,2025-03-29,partial
PAY-00001179,INV-X-0001388,CUST-00089,6952.64,EUR,2025-06-10,noise
PAY-00000754,INV-0000776,CUST-00096,3874.11,EUR,2025-10-22,full-match
PAY-00000439,INV-0000454,CUST-00096,130.40,EUR,2025-03-20,full-match
PAY-00000748,INV-0000770,CUST-00025,4085.32,EUR,2025-12-07,full-match
PAY-00001062,INV-X-0000941,CUST-00050,5001.47,EUR,2025-09-25,noise
PAY-00000286,INV-0000293,CUST-00017,3943.24,EUR,2025-08-25,duplicate
PAY-00000474,INV-0000490,CUST-00091,371.45,EUR,2025-10-30,full-match
PAY-00001042,INV-X-0001827,CUST-00069,6273.58,EUR,2025-08-25,noise
PAY-00000485,INV-0000501,CUST-00024,3850.52,EUR,2025-04-21,full-match
PAY-00000606,INV-0000625,CUST-00045,817.85,EUR,2025-05-05,full-match
PAY-00000958,INV-0000994,CUST-00007,3741.46,EUR,2025-07-06,full-match
PAY-00000883,INV-0000912,CUST-00065,1641.94,EUR,2025-06-26,full-match
PAY-00000501,INV-0000517,CUST-00021,2226.05,EUR,2025-10-29,full-match
PAY-00000535,INV-0000551,CUST-00019,4117.22,EUR,2025-05-29,duplicate
PAY-00000878,INV-0000907,CUST-00008,484.22,EUR,2025-08-06,full-match
PAY-00000422,INV-0000435,CUST-00051,2534.94,EUR,2025-06-20,full-match
PAY-00000089,INV-0000093,CUST-00072,97.87,EUR,2025-03-04,full-match
PAY-00001180,INV-X-0001122,CUST-00002,4716.16,EUR,2025-02-04,noise
PAY-00000876,INV-0000904,CUST-00036,2257.76,EUR,2025-04-12,full-match
PAY-00001032,INV-X-0000094,CUST-00043,2460.56,EUR,2026-02-17,noise
PAY-00000592,,CUST-00087,4044.23,EUR,2025-02-26,missing-invoice-id
PAY-00000175,INV-0000180,CUST-00058,1257.12,EUR,2025-10-26,duplicate
PAY-00000627,INV-0000646,CUST-00006,4374.42,EUR,2025-05-17,duplicate
PAY-00000654,INV-0000670,CUST-00085,2464.88,EUR,2025-02-19,full-match
PAY-00000814,INV-0000840,CUST-00027,4872.85,EUR,2025-05-15,full-match
PAY-00000809,INV-0000835,CUST-00002,1347.82,EUR,2025-02-16,full-match
PAY-00000161,INV-0000166,CUST-00078,3055.88,EUR,2025-03-24,full-match
PAY-00000619,INV-0000637,CUST-00068,1627.74,EUR,2025-09-11,full-match
PAY-00000303,INV-0000311,CUST-00036,211.95,EUR,2025-08-18,full-match
PAY-00000908,INV-0000936,CUST-00040,3683.28,EUR,2025-07-01,full-match
PAY-00000967,INV-X-0000456,CUST-00096,4705.95,EUR,2025-04-14,noise
PAY-00000352,INV-0000363,CUST-00035,520.16,EUR,2025-09-10,partial
PAY-00000779,INV-0000803,CUST-00013,3149.59,EUR,2025-09-13,full-match
PAY-00000176,INV-0000180,CUST-00058,1257.12,EUR,2025-10-26,duplicate
PAY-00000429,INV-0000443,CUST-00100,1476.10,EUR,2025-06-20,full-match
PAY-00000470,INV-0000486,CUST-00028,4982.01,EUR,2025-07-12,full-match
PAY-00000477,INV-0000493,CUST-00018,1221.84,EUR,2025-09-25,full-match
PAY-00001092,INV-X-0000579,CUST-00099,2453.34,EUR,2025-10-22,noise
PAY-00001164,INV-X-0001184,CUST-00094,5895.99,EUR,2025-01-28,noise
PAY-00000957,INV-0000993,CUST-00005,2009.17,EUR,2025-07-17,full-match
PAY-00000288,INV-0000294,CUST-00065,4571.76,EUR,2025-05-03,duplicate
PAY-00000062,INV-0000065,CUST-00008,864.95,EUR,2025-02-01,full-match
PAY-00000583,INV-0000603,CUST-00011,2651.26,EUR,2025-11-03,duplicate
PAY-00000709,INV-0000726,CUST-00057,3998.54,EUR,2026-01-19,full-match
PAY-00001066,INV-X-0001350,CUST-00096,2201.12,EUR,2025-10-23,noise
PAY-00001118,INV-X-0001441,CUST-00072,5748.86,EUR,2025-07-03,noise
PAY-00000344,INV-0000354,CUST-00004,943.06,EUR,2026-01-18,full-match
PAY-00000208,INV-0000215,CUST-00058,3462.39,EUR,2025-10-04,full-match
PAY-00000277,INV-0000284,CUST-00090,1511.39,EUR,2026-01-12,full-match
PAY-00001061,INV-X-0001386,CUST-00017,1452.21,EUR,2025-01-19,noise
PAY-00000648,INV-0000665,CUST-00070,4952.10,EUR,2025-03-27,duplicate
PAY-00000199,INV-0000205,CUST-00063,416.71,EUR,2025-12-06,full-match
PAY-00000738,INV-0000760,CUST-00080,904.01,EUR,2026-01-09,full-match
PAY-00000469,INV-0000485,CUST-00072,632.92,EUR,2025-06-18,duplicate
PAY-00000140,INV-0000143,CUST-00011,734.95,EUR,2025-05-31,full-match
PAY-00000383,INV-0000396,CUST-00079,2990.70,EUR,2025-09-03,full-match
PAY-00001030,INV-X-0001632,CUST-00016,5167.53,EUR,2025-04-17,noise
PAY-00001060,INV-X-0001786,CUST-00013,5758.53,EUR,2025-09-22,noise
PAY-00000466,INV-0000482,CUST-00018,2069.66,EUR,2025-08-16,partial
PAY-00000625,INV-0000644,CUST-00048,507.70,EUR,2025-04-28,full-match
PAY-00001034,INV-X-0001414,CUST-00037,1795.83,EUR,2025-02-04,noise
PAY-00000222,INV-0000230,CUST-00067,3274.97,EUR,2025-06-27,full-match
PAY-00000149,INV-0000154,CUST-00080,2693.91,EUR,2025-09-12,full-match
PAY-00000447,INV-0000463,CUST-00057,2393.33,EUR,2025-02-07,suspicious-customer-mismatch
PAY-00001010,INV-X-0000612,CUST-00043,6444.29,EUR,2025-01-26,noise
PAY-00001193,INV-X-0001577,CUST-00099,2277.36,EUR,2025-03-24,noise
PAY-00001146,INV-X-0001176,CUST-00094,2333.97,EUR,2025-06-30,noise
PAY-00000600,INV-0000619,CUST-00018,3284.99,EUR,2025-07-28,full-match
PAY-00001040,INV-X-0001877,CUST-00061,5584.84,EUR,2025-11-27,noise
PAY-00001114,INV-X-0000624,CUST-00056,5030.18,EUR,2025-06-26,noise
PAY-00000226,INV-0000234,CUST-00053,3483.68,EUR,2025-07-19,full-match
PAY-00000913,INV-0000941,CUST-00043,3739.45,EUR,2025-06-05,full-match
PAY-00000385,INV-0000398,CUST-00074,3276.60,EUR,2025-08-14,full-match
PAY-00001069,INV-X-0001091,CUST-00041,5414.05,EUR,2025-12-10,noise
PAY-00000891,INV-0000920,CUST-00095,3503.25,EUR,2025-11-11,duplicate
PAY-00001055,INV-X-0000767,CUST-00005,5448.98,EUR,2025-02-17,noise
PAY-00000756,INV-0000778,CUST-00100,2738.38,EUR,2025-08-22,full-match
PAY-00001122,INV-X-0000892,CUST-00070,1494.29,EUR,2025-03-30,noise
PAY-00000101,INV-0000104,CUST-00059,1780.81,EUR,2025-05-31,full-match
PAY-00001169,INV-X-0001446,CUST-00050,3332.64,EUR,2025-03-16,noise
PAY-00000981,INV-X-0000945,CUST-00022,2968.79,EUR,2025-11-10,noise
PAY-00000113,INV-0000117,CUST-00065,1580.96,EUR,2025-08-20,full-match
PAY-00000798,INV-0000822,CUST-00012,4804.13,EUR,2025-04-10,overpay
PAY-00000236,INV-0000244,CUST-00002,2783.64,EUR,2025-03-18,full-match
PAY-00000987,INV-X-0000930,CUST-00076,6278.39,EUR,2025-04-14,noise
PAY-00000920,INV-0000949,CUST-00084,3803.31,EUR,2025-05-13,full-match
PAY-00000694,INV-0000710,CUST-00022,737.26,EUR,2025-07-10,full-match
PAY-00000766,INV-0000789,CUST-00018,4815.72,EUR,2025-08-27,full-match
PAY-00000204,INV-0000211,CUST-00073,663.68,EUR,2025-11-29,partial
PAY-00000430,INV-0000444,CUST-00007,1230.28,EUR,2025-12-31,full-match
PAY-00000334,INV-0000344,CUST-00056,527.99,EUR,2025-07-26,full-match
PAY-00001157,INV-X-0000310,CUST-00085,3137.64,EUR,2026-02-18,noise
PAY-00000607,INV-0000626,CUST-00005,4056.92,EUR,2025-08-11,duplicate
PAY-00000456,INV-0000472,CUST-00092,2159.27,EUR,2026-02-01,full-match
PAY-00000739,INV-0000761,CUST-00079,2971.33,EUR,2025-12-30,full-match
PAY-00001038,INV-X-0001967,CUST-00004,5827.66,EUR,2025-04-10,noise
PAY-00000917,INV-0000945,CUST-00093,56.34,EUR,2025-09-07,full-match
PAY-00000073,INV-0000076,CUST-00041,4676.80,EUR,2025-05-13,full-match
PAY-00000119,INV-0000123,CUST-00057,2238.69,EUR,2025-06-12,full-match
PAY-00000528,INV-0000544,CUST-00076,1715.05,EUR,2025-10-26,full-match
PAY-00000497,INV-0000513,CUST-00080,3213.01,EUR,2025-11-02,full-match
PAY-00001106,INV-X-0001404,CUST-00077,5403.98,EUR,2025-07-14,noise
PAY-00000805,INV-0000831,CUST-00010,2665.02,EUR,2025-02-06,full-match
PAY-00000162,INV-0000167,CUST-00040,585.09,EUR,2025-02-18,full-match
PAY-00001045,INV-X-0001389,CUST-00041,3895.14,EUR,2025-01-10,noise
PAY-00000551,INV-0000569,CUST-00026,4148.36,EUR,2025-07-03,full-match
PAY-00000948,INV-0000981,CUST-00026,3669.07,EUR,2025-12-12,partial
PAY-00000054,INV-0000058,CUST-00008,2390.51,EUR,2025-07-23,overpay
PAY-00000759,INV-0000782,CUST-00034,1775.46,EUR,2025-04-07,full-match
PAY-00000107,INV-0000110,CUST-00014,3003.03,EUR,2025-08-08,full-match
PAY-00001021,INV-X-0000120,CUST-00014,4008.14,EUR,2025-11-19,noise
PAY-00000465,INV-0000481,CUST-00048,2247.50,EUR,2025-04-11,full-match
PAY-00000777,INV-0000801,CUST-00071,2910.77,EUR,2025-12-06,full-match
PAY-00000912,INV-0000940,CUST-00082,2849.47,EUR,2025-10-15,full-match
PAY-00000825,INV-0000853,CUST-00047,324.42,EUR,2025-10-31,full-match
PAY-00000632,INV-0000650,CUST-00096,4997.88,EUR,2025-10-13,full-match
PAY-00000343,INV-0000353,CUST-00004,3064.52,EUR,2026-01-16,full-match
PAY-00000258,INV-0000266,CUST-00043,4269.09,EUR,2025-11-18,full-match
PAY-00000446,INV-0000462,CUST-00001,4670.19,EUR,2025-11-03,suspicious-customer-mismatch
PAY-00000215,INV-0000222,CUST-00022,3973.51,EUR,2025-12-31,full-match
PAY-00000292,INV-0000298,CUST-00072,624.13,EUR,2025-08-07,partial
PAY-00000373,INV-0000385,CUST-00094,4793.21,EUR,2025-12-12,duplicate
PAY-00000661,INV-0000677,CUST-00011,1896.61,EUR,2025-08-31,duplicate
PAY-00000056,INV-0000060,CUST-00018,2138.31,EUR,2025-07-08,full-match
PAY-00000045,INV-0000047,CUST-00057,4503.09,EUR,2025-09-22,full-match
PAY-00000945,INV-0000979,CUST-00022,4862.22,EUR,2025-04-29,full-match
PAY-00000687,INV-0000704,CUST-00012,977.59,EUR,2025-10-01,full-match
PAY-00000328,INV-0000338,CUST-00084,3272.04,EUR,2025-10-26,full-match
PAY-00001155,INV-X-0001757,CUST-00033,119.14,EUR,2025-02-27,noise
PAY-00001096,INV-X-0001210,CUST-00053,1685.26,EUR,2025-05-05,noise
PAY-00000972,INV-X-0001689,CUST-00049,5047.00,EUR,2025-07-21,noise
PAY-00001117,INV-X-0000757,CUST-00071,6775.94,EUR,2025-01-01,noise
PAY-00000231,INV-0000238,CUST-00060,2095.58,EUR,2025-05-30,duplicate
PAY-00000397,INV-0000410,CUST-00017,2995.45,EUR,2025-03-29,full-match
PAY-00000109,INV-0000113,CUST-00006,3558.49,EUR,2025-02-11,full-match
PAY-00000567,INV-0000587,CUST-00092,1095.22,EUR,2025-08-03,overpay
PAY-00000427,INV-0000441,CUST-00033,1117.49,EUR,2025-05-18,full-match
PAY-00000951,INV-0000986,CUST-00020,783.59,EUR,2025-12-31,full-match
PAY-00000450,INV-0000466,CUST-00052,3729.37,EUR,2025-08-14,full-match
PAY-00000742,INV-0000763,CUST-00024,1897.87,EUR,2025-04-23,duplicate
PAY-00000196,INV-0000201,CUST-00082,4348.88,EUR,2025-10-02,full-match
PAY-00000241,INV-0000249,CUST-00025,5011.11,EUR,2025-10-19,overpay
PAY-00000394,INV-0000407,CUST-00037,1297.38,EUR,2026-01-19,full-match
PAY-00000483,INV-0000499,CUST-00058,2355.87,EUR,2025-11-10,full-match
PAY-00000010,INV-0000010,CUST-00045,3038.44,EUR,2025-03-15,full-match
PAY-00000858,INV-0000885,CUST-00041,2062.24,EUR,2025-10-30,full-match
PAY-00000713,INV-0000730,CUST-00075,2033.99,EUR,2025-10-29,full-match
PAY-00000617,INV-0000635,CUST-00072,4745.18,EUR,2025-05-02,full-match
PAY-00000181,INV-0000186,CUST-00031,3614.37,EUR,2025-11-05,full-match
PAY-00001132,INV-X-0000788,CUST-00046,1595.67,EUR,2025-08-06,noise
PAY-00000369,INV-0000382,CUST-00029,1698.69,EUR,2025-04-26,full-match
PAY-00001190,INV-X-0000604,CUST-00060,4630.14,EUR,2025-02-08,noise
PAY-00000358,INV-0000370,CUST-00098,1314.82,EUR,2025-07-01,full-match
PAY-00000490,INV-0000506,CUST-00026,3193.53,EUR,2025-11-09,full-match
PAY-00000844,INV-0000872,CUST-00095,3649.71,EUR,2025-04-01,duplicate
PAY-00000923,INV-0000952,CUST-00044,892.02,EUR,2025-08-09,full-match
PAY-00000555,INV-0000573,CUST-00053,1684.95,EUR,2025-09-23,full-match
PAY-00000294,INV-0000300,CUST-00087,3757.61,EUR,2025-06-28,full-match
PAY-00000423,INV-0000436,CUST-00011,1905.82,EUR,2025-02-20,full-match
PAY-00000260,INV-0000268,CUST-00005,3106.42,EUR,2025-06-01,full-match
PAY-00000975,INV-X-0000079,CUST-00067,783.03,EUR,2025-08-22,noise
PAY-00000853,INV-0000880,CUST-00031,1493.80,EUR,2025-07-15,duplicate
PAY-00000582,INV-0000603,CUST-00011,2651.26,EUR,2025-11-03,duplicate
PAY-00000183,INV-0000188,CUST-00058,3975.02,EUR,2025-03-27,full-match
PAY-00000368,INV-0000380,CUST-00014,1254.42,EUR,2025-12-12,full-match
PAY-00000015,INV-0000016,CUST-00059,3196.64,EUR,2025-07-26,full-match
PAY-00000014,INV-0000015,CUST-00030,4339.09,EUR,2025-08-13,full-match
PAY-00000166,INV-0000171,CUST-00016,3991.32,EUR,2025-10-25,full-match
PAY-00000998,INV-X-0000631,CUST-00040,5116.53,EUR,2025-08-17,noise
PAY-00000033,INV-0000034,CUST-00015,1502.83,EUR,2025-05-11,full-match
PAY-00000324,INV-0000335,CUST-00071,776.86,EUR,2025-09-09,partial
PAY-00000771,INV-0000795,CUST-00052,2602.29,EUR,2025-07-01,full-match
PAY-00000205,INV-0000212,CUST-00098,1078.55,EUR,2025-05-24,full-match
PAY-00000274,INV-0000281,CUST-00089,1287.99,EUR,2025-07-02,full-match
PAY-00000084,INV-0000088,CUST-00027,3453.11,EUR,2025-06-27,full-match
PAY-00000499,INV-0000515,CUST-00032,4033.21,EUR,2026-01-30,full-match
PAY-00000899,INV-0000927,CUST-00092,277.55,EUR,2025-07-12,partial
PAY-00000338,INV-0000348,CUST-00037,3022.03,EUR,2025-07-30,full-match
PAY-00000758,,CUST-00039,4380.31,EUR,2025-03-11,missing-invoice-id
PAY-00000345,INV-0000355,CUST-00044,1787.57,EUR,2025-04-21,full-match
PAY-00000851,INV-0000879,CUST-00076,2860.71,EUR,2025-08-24,full-match
PAY-00001113,INV-X-0000614,CUST-00073,5564.54,EUR,2025-12-14,noise
PAY-00000561,INV-0000580,CUST-00051,3950.41,EUR,2025-05-20,full-match
PAY-00001088,INV-X-0000529,CUST-00047,2756.70,EUR,2025-12-25,noise
PAY-00001131,INV-X-0001044,CUST-00055,3873.31,EUR,2025-08-19,noise
PAY-00000688,INV-0000705,CUST-00072,3115.93,EUR,2025-03-08,overpay
PAY-00000356,INV-0000367,CUST-00063,2658.32,EUR,2025-07-05,full-match
PAY-00001109,INV-X-0001850,CUST-00097,4460.21,EUR,2025-01-01,noise
PAY-00000437,INV-0000452,CUST-00003,1982.75,EUR,2025-09-10,duplicate
PAY-00000659,INV-0000675,CUST-00020,1242.80,EUR,2026-01-02,full-match
PAY-00000282,INV-0000290,CUST-00040,3953.62,EUR,2025-03-15,full-match
PAY-00000248,INV-0000258,CUST-00041,2704.70,EUR,2026-02-01,partial
PAY-00000665,INV-0000680,CUST-00012,2056.13,EUR,2025-08-22,full-match
PAY-00000824,INV-0000852,CUST-00081,431.50,EUR,2025-10-07,full-match
PAY-00000691,INV-0000708,CUST-00038,2098.36,EUR,2025-04-15,full-match
PAY-00000873,INV-0000901,CUST-00074,2194.12,EUR,2025-09-16,full-match
PAY-00001156,INV-X-0001237,CUST-00023,6372.72,EUR,2026-01-14,noise
PAY-00001135,INV-X-0001898,CUST-00070,4042.94,EUR,2025-01-18,noise
PAY-00000452,INV-0000468,CUST-00067,1755.85,EUR,2025-03-26,overpay
PAY-00001019,INV-X-0001423,CUST-00036,2317.88,EUR,2025-07-31,noise
PAY-00000234,INV-0000242,CUST-00016,192.90,EUR,2026-01-13,full-match
PAY-00000218,INV-0000225,CUST-00070,2494.29,EUR,2025-04-12,full-match
PAY-00000131,INV-0000135,CUST-00059,710.03,EUR,2025-10-03,full-match
PAY-00000350,INV-0000361,CUST-00011,4422.54,EUR,2025-04-25,full-match
PAY-00000935,,CUST-00063,4479.64,EUR,2025-06-02,missing-invoice-id
PAY-00000200,INV-0000206,CUST-00020,788.53,EUR,2025-11-13,full-match
PAY-00000630,INV-0000648,CUST-00027,4353.90,EUR,2025-07-17,full-match
PAY-00000103,INV-0000106,CUST-00036,4328.55,EUR,2025-06-25,duplicate
PAY-00000353,INV-0000364,CUST-00078,2238.12,EUR,2025-06-20,full-match
PAY-00000030,,CUST-00060,2669.12,EUR,2025-10-24,missing-invoice-id
PAY-00000268,INV-0000276,CUST-00064,4568.50,EUR,2025-04-25,full-match
PAY-00000498,INV-0000514,CUST-00038,2701.56,EUR,2025-07-08,partial
PAY-00000094,,CUST-00046,3911.58,EUR,2025-09-01,missing-invoice-id
PAY-00000966,INV-X-0001985,CUST-00002,6479.54,EUR,2025-07-31,noise
PAY-00000040,INV-0000041,CUST-00008,1242.31,EUR,2025-10-27,full-match
PAY-00001137,INV-X-0000232,CUST-00075,3381.10,EUR,2025-12-20,noise
PAY-00000290,INV-0000296,CUST-00015,2368.24,EUR,2025-03-14,full-match
PAY-00001128,INV-X-0000174,CUST-00018,4502.86,EUR,2025-08-01,noise
PAY-00000148,INV-0000152,CUST-00063,193.67,EUR,2025-08-02,full-match
PAY-00000478,INV-0000494,CUST-00047,2792.41,EUR,2025-08-08,full-match
PAY-00000306,INV-0000314,CUST-00083,1825.44,EUR,2025-08-18,full-match
PAY-00001099,INV-X-0001211,CUST-00056,5494.51,EUR,2025-08-11,noise
PAY-00000939,INV-0000970,CUST-00035,3843.49,EUR,2025-04-05,overpay
PAY-00001072,INV-X-0001053,CUST-00014,1461.91,EUR,2025-06-29,noise
PAY-00000434,INV-0000449,CUST-00054,977.20,EUR,2026-01-07,full-match
PAY-00000243,INV-0000251,CUST-00065,1372.50,EUR,2025-02-03,full-match
PAY-00000831,INV-0000860,CUST-00042,1278.90,EUR,2025-07-19,duplicate
PAY-00000088,INV-0000092,CUST-00021,973.02,EUR,2025-11-27,partial
PAY-00000692,INV-0000709,CUST-00032,2881.20,EUR,2025-05-04,duplicate
PAY-00000115,INV-0000119,CUST-00025,2131.21,EUR,2025-08-18,full-match
PAY-00000695,INV-0000711,CUST-00064,772.38,EUR,2025-05-10,full-match
PAY-00000076,INV-0000079,CUST-00059,3124.74,EUR,2025-10-28,full-match
PAY-00000034,INV-0000035,CUST-00001,4771.39,EUR,2025-06-21,full-match
PAY-00000921,INV-0000950,CUST-00058,414.86,EUR,2025-02-28,full-match
PAY-00001094,INV-X-0001463,CUST-00014,2294.57,EUR,2025-11-29,noise
PAY-00001024,INV-X-0001737,CUST-00041,1832.43,EUR,2025-10-22,noise
PAY-00000631,INV-0000649,CUST-00002,1336.58,EUR,2025-05-07,overpay
PAY-00001108,INV-X-0000186,CUST-00028,5722.89,EUR,2025-10-25,noise
PAY-00000130,INV-0000134,CUST-00060,298.58,EUR,2025-06-08,full-match
PAY-00000797,INV-0000821,CUST-00053,2551.89,EUR,2025-09-10,partial
PAY-00001002,INV-X-0001114,CUST-00001,4263.73,EUR,2025-09-10,noise
PAY-00000489,INV-0000505,CUST-00067,4479.88,EUR,2025-03-13,full-match
PAY-00000052,INV-0000055,CUST-00025,516.91,EUR,2026-01-25,full-match
PAY-00000396,INV-0000409,CUST-00045,1585.65,EUR,2026-01-09,full-match
PAY-00000074,INV-0000077,CUST-00031,1364.79,EUR,2025-04-20,full-match
PAY-00000287,INV-0000294,CUST-00065,4571.76,EUR,2025-05-03,duplicate
PAY-00000389,INV-0000402,CUST-00091,2216.90,EUR,2025-09-27,full-match
PAY-00000897,INV-0000925,CUST-00003,2655.92,EUR,2025-02-01,full-match
PAY-00000174,INV-0000179,CUST-00042,4265.98,EUR,2025-03-05,full-match
PAY-00000997,INV-X-0000367,CUST-00099,4990.09,EUR,2025-08-03,noise
PAY-00001168,INV-X-0001890,CUST-00069,1650.96,EUR,2025-12-16,noise
PAY-00000219,INV-0000227,CUST-00033,178.03,EUR,2025-06-21,full-match
PAY-00000799,INV-0000823,CUST-00076,3663.55,EUR,2025-07-29,full-match
PAY-00000613,INV-0000631,CUST-00065,4967.74,EUR,2025-07-01,full-match
PAY-00000392,INV-0000405,CUST-00007,3956.67,EUR,2026-01-01,full-match
PAY-00000787,INV-0000811,CUST-00055,3294.65,EUR,2026-01-05,full-match
PAY-00000081,INV-0000084,CUST-00002,3355.92,EUR,2025-11-03,full-match
PAY-00001136,INV-X-0000078,CUST-00073,3393.21,EUR,2025-07-08,noise
PAY-00000362,INV-0000374,CUST-00010,2015.50,EUR,2025-03-13,full-match
PAY-00000416,INV-0000428,CUST-00078,735.07,EUR,2025-06-07,full-match
PAY-00000594,INV-0000612,CUST-00033,4091.44,EUR,2025-06-15,duplicate
PAY-00000942,INV-0000975,CUST-00031,2407.50,EUR,2025-03-27,full-match
PAY-00000165,INV-0000170,CUST-00014,4471.25,EUR,2025-08-08,overpay
PAY-00000697,INV-0000714,CUST-00077,2353.49,EUR,2025-09-19,partial
PAY-00001095,INV-X-0000146,CUST-00039,3738.56,EUR,2025-07-25,noise
PAY-00000749,INV-0000771,CUST-00084,2500.10,EUR,2026-02-12,full-match
PAY-00000186,INV-0000191,CUST-00068,1751.60,EUR,2025-11-20,full-match
PAY-00000114,INV-0000118,CUST-00052,3501.18,EUR,2025-10-26,full-match
PAY-00000821,INV-0000848,CUST-00067,3925.79,EUR,2025-05-31,full-match
PAY-00000621,INV-0000640,CUST-00091,764.54,EUR,2025-09-25,full-match
PAY-00000683,INV-0000700,CUST-00020,1931.00,EUR,2025-12-22,full-match
PAY-00000736,INV-0000758,CUST-00082,1601.35,EUR,2025-09-06,full-match
PAY-00001097,INV-X-0001123,CUST-00021,6817.76,EUR,2025-07-16,noise
PAY-00001162,INV-X-0000846,CUST-00099,2694.51,EUR,2025-12-05,noise
PAY-00000249,INV-0000259,CUST-00050,4942.65,EUR,2025-12-28,duplicate
PAY-00000988,INV-X-0001808,CUST-00059,649.45,EUR,2025-06-15,noise
PAY-00000788,INV-0000812,CUST-00001,1106.43,EUR,2025-03-03,full-match
PAY-00000007,INV-0000007,CUST-00001,3806.10,EUR,2025-05-05,full-match
PAY-00000463,INV-0000479,CUST-00047,1945.13,EUR,2025-11-03,full-match
PAY-00001107,INV-X-0000671,CUST-00064,4522.02,EUR,2025-02-01,noise
PAY-00000144,,CUST-00099,2941.19,EUR,2026-01-13,missing-invoice-id
PAY-00000828,INV-0000857,CUST-00006,2385.23,EUR,2025-08-03,full-match
PAY-00000894,INV-0000922,CUST-00019,3282.27,EUR,2025-05-25,overpay
PAY-00000980,INV-X-0000816,CUST-00039,5420.27,EUR,2025-05-27,noise
PAY-00001005,INV-X-0001230,CUST-00001,1728.10,EUR,2025-10-08,noise
PAY-00001056,INV-X-0000909,CUST-00065,194.04,EUR,2025-09-05,noise
PAY-00000008,INV-0000008,CUST-00044,1425.46,EUR,2025-05-25,full-match
PAY-00001177,INV-X-0001383,CUST-00096,1707.74,EUR,2025-12-11,noise
PAY-00000802,INV-0000828,CUST-00078,2572.14,EUR,2025-08-21,full-match
PAY-00000676,INV-0000692,CUST-00065,3740.01,EUR,2025-07-12,full-match
PAY-00000311,INV-0000320,CUST-00085,1676.37,EUR,2025-05-06,suspicious-customer-mismatch
PAY-00000546,INV-0000563,CUST-00041,1084.45,EUR,2025-11-14,partial
PAY-00000800,INV-0000824,CUST-00041,3109.68,EUR,2025-05-28,partial
PAY-00000078,INV-0000081,CUST-00017,4669.63,EUR,2025-03-12,full-match
PAY-00000002,INV-0000002,CUST-00029,740.71,EUR,2025-04-21,full-match
PAY-00000305,INV-0000313,CUST-00013,4905.59,EUR,2025-09-04,full-match
PAY-00001020,INV-X-0001075,CUST-00027,4876.89,EUR,2025-11-10,noise
PAY-00000039,INV-0000040,CUST-00015,4649.04,EUR,2025-07-15,full-match
PAY-00000914,INV-0000942,CUST-00041,881.04,EUR,2025-03-29,full-match
PAY-00000514,INV-0000529,CUST-00075,1796.83,EUR,2025-02-20,full-match
PAY-00001171,INV-X-0000920,CUST-00049,4755.88,EUR,2025-09-29,noise
PAY-00000145,INV-0000148,CUST-00098,2899.67,EUR,2025-09-08,full-match
PAY-00000150,INV-0000155,CUST-00073,3331.85,EUR,2025-03-18,full-match
PAY-00000072,INV-0000075,CUST-00054,3304.00,EUR,2025-12-10,full-match
